"dot_number","company","dba","city","state","phone","trucks","drivers","alert_basics","n_alerts","inspections","driver_oos","vehicle_oos","sms_profile"
"1542501","LINCOLN TRUCKING INC",,"SNELLVILLE","GA","7708373565","21","35","HOS|DriverFitness|DrugsAlcohol|VehicleMaint","4","35","6","6","https://ai.fmcsa.dot.gov/SMS/Carrier/1542501/Overview.aspx"
"4017068","BACKUP LOGISTICS LLC",,"HOUSTON","TX","6092184539","11","11","HOS|DriverFitness|DrugsAlcohol|VehicleMaint","4","29","15","7","https://ai.fmcsa.dot.gov/SMS/Carrier/4017068/Overview.aspx"
"4044314","HD DIRECT LOGISTICS LLC",,"SPRINGFIELD","IL","9167077301","9","4","HOS|DriverFitness|DrugsAlcohol|VehicleMaint","4","29","9","9","https://ai.fmcsa.dot.gov/SMS/Carrier/4044314/Overview.aspx"
"4252254","FREIGHT TRANSLINES INC",,"SACRAMENTO","CA","9167073158","4","8","HOS|DriverFitness|DrugsAlcohol|VehicleMaint","4","22","11","3","https://ai.fmcsa.dot.gov/SMS/Carrier/4252254/Overview.aspx"
"3468613","UTILICOM LLC",,"MARYSVILLE","WA","4256267804","6","13","HOS|DriverFitness|DrugsAlcohol|VehicleMaint","4","16","3","5","https://ai.fmcsa.dot.gov/SMS/Carrier/3468613/Overview.aspx"
"3548654","I&A TRANSPORTATION LLC",,"RIO RICO","AZ","5203136780","3","1","HOS|DriverFitness|DrugsAlcohol|VehicleMaint","4","12","2","3","https://ai.fmcsa.dot.gov/SMS/Carrier/3548654/Overview.aspx"
"3263974","RICHARDS EXCAVATING INC",,"WATERTOWN","WI","9202852508","9","6","HOS|DriverFitness|DrugsAlcohol|VehicleMaint","4","8","2","3","https://ai.fmcsa.dot.gov/SMS/Carrier/3263974/Overview.aspx"
"1909022","NAVY CITY METALS & RECYCLING INC",,"BREMERTON","WA","3603736595","3","1","HOS|DriverFitness|DrugsAlcohol|VehicleMaint","4","8","2","2","https://ai.fmcsa.dot.gov/SMS/Carrier/1909022/Overview.aspx"
"3056387","STARLIGHT UTILITY INC",,"LEWISVILLE","TX","2146359163","6","2","HOS|DriverFitness|DrugsAlcohol|VehicleMaint","4","8","6","6","https://ai.fmcsa.dot.gov/SMS/Carrier/3056387/Overview.aspx"
"2579107","BARON EXPRESS INC",,"LAFAYETTE","TN","6153887483","14","11","HOS|DriverFitness|VehicleMaint","3","110","28","21","https://ai.fmcsa.dot.gov/SMS/Carrier/2579107/Overview.aspx"
"3173835","ONLINE TRANSPORT LLC",,"SAN ANTONIO","TX","2109708336","25","30","HOS|DriverFitness|VehicleMaint","3","80","36","19","https://ai.fmcsa.dot.gov/SMS/Carrier/3173835/Overview.aspx"
"3863918","AKINCI EXPRESS LLC",,"CANTON","OH","8564124721","16","9","DriverFitness|DrugsAlcohol|VehicleMaint","3","66","12","11","https://ai.fmcsa.dot.gov/SMS/Carrier/3863918/Overview.aspx"
"2871348","BSR TRUCKING INC",,"FRESNO","CA","5595776799","12","16","HOS|DriverFitness|VehicleMaint","3","60","5","12","https://ai.fmcsa.dot.gov/SMS/Carrier/2871348/Overview.aspx"
"4102557","PHOENIX FREIGHT LLC",,"COLUMBUS","OH","8635125757","5","3","HOS|DrugsAlcohol|VehicleMaint","3","58","5","20","https://ai.fmcsa.dot.gov/SMS/Carrier/4102557/Overview.aspx"
"3366933","KS LOGISTICS INC",,"FONTANA","CA","9519417017","8","15","HOS|DrugsAlcohol|VehicleMaint","3","57","6","9","https://ai.fmcsa.dot.gov/SMS/Carrier/3366933/Overview.aspx"
"1980630","G MASTER CORP",,"HIALEAH","FL","7863900803","1","1","HOS|DriverFitness|VehicleMaint","3","41","25","9","https://ai.fmcsa.dot.gov/SMS/Carrier/1980630/Overview.aspx"
"3754771","DIAMONDBACK TRUCKING CO",,"CALEDONIA","WI","9519236104","5","2","DriverFitness|DrugsAlcohol|VehicleMaint","3","31","11","9","https://ai.fmcsa.dot.gov/SMS/Carrier/3754771/Overview.aspx"
"4008600","EMMA NEWBEE LOGISTICS INC",,"ONTARIO","CA","3477699999","1","2","HOS|DriverFitness|DrugsAlcohol","3","30","9","12","https://ai.fmcsa.dot.gov/SMS/Carrier/4008600/Overview.aspx"
"4002421","DMV PARTNERS LLC",,"LAUREL","MD","2408613543","1","1","HOS|DriverFitness|DrugsAlcohol","3","29","18","2","https://ai.fmcsa.dot.gov/SMS/Carrier/4002421/Overview.aspx"
"3742167","FULLSEND XPRESS LLC",,"DALLAS","TX","2147189483","17","12","DriverFitness|DrugsAlcohol|VehicleMaint","3","27","11","9","https://ai.fmcsa.dot.gov/SMS/Carrier/3742167/Overview.aspx"
"897512","JTR ENTERPRISES LLC",,"YAKIMA","WA","5099854523","6","7","HOS|DriverFitness|DrugsAlcohol","3","24","4","12","https://ai.fmcsa.dot.gov/SMS/Carrier/897512/Overview.aspx"
"2051562","TRIPLE C HOLDINGS LLC",,"SCOTTSBLUFF","NE","3086315308","23","19","HOS|DriverFitness|DrugsAlcohol","3","24","5","6","https://ai.fmcsa.dot.gov/SMS/Carrier/2051562/Overview.aspx"
"1554918","ROSSCON LLC","ROSS CONSTRUCTION","MUSKOGEE","OK","9186811166","16","10","HOS|DriverFitness|VehicleMaint","3","22","1","5","https://ai.fmcsa.dot.gov/SMS/Carrier/1554918/Overview.aspx"
"3893062","NNAMCO L C",,"LAUREL","MD","9123328979","4","1","HOS|DriverFitness|DrugsAlcohol","3","22","13","11","https://ai.fmcsa.dot.gov/SMS/Carrier/3893062/Overview.aspx"
"4191311","SMMM TRANSPORT INC",,"SPRINGFIELD","MA","4137693066","4","6","HOS|DriverFitness|VehicleMaint","3","20","1","2","https://ai.fmcsa.dot.gov/SMS/Carrier/4191311/Overview.aspx"
"176064","PACIFIC COMMERCIAL EQUIPMENT","AERO CONSTRUCTION","SNOHOMISH","WA","4253340082","32","15","DriverFitness|DrugsAlcohol|VehicleMaint","3","20","0","8","https://ai.fmcsa.dot.gov/SMS/Carrier/176064/Overview.aspx"
"3481970","CAN 28 TRANSPORT LLC",,"OMAHA","NE","5168009142","4","3","HOS|DriverFitness|VehicleMaint","3","20","7","7","https://ai.fmcsa.dot.gov/SMS/Carrier/3481970/Overview.aspx"
"1574715","GUARDADO CONSTRUCTION INC",,"POOLESVILLE","MD","2404898666","24","17","DriverFitness|DrugsAlcohol|VehicleMaint","3","18","2","9","https://ai.fmcsa.dot.gov/SMS/Carrier/1574715/Overview.aspx"
"4150659","TM TRANSPORT USA LLC",,"HIALEAH","FL","7868438123","1","1","HOS|DriverFitness|DrugsAlcohol","3","18","4","2","https://ai.fmcsa.dot.gov/SMS/Carrier/4150659/Overview.aspx"
"4307204","NKB TRUCKING LLC",,"DOUGLAS","GA","9128504938","2","2","HOS|DrugsAlcohol|VehicleMaint","3","16","10","13","https://ai.fmcsa.dot.gov/SMS/Carrier/4307204/Overview.aspx"
"3732934","XOBNI LLC",,"LINCOLN","NE","5318004519","13","8","HOS|DriverFitness|DrugsAlcohol","3","16","0","1","https://ai.fmcsa.dot.gov/SMS/Carrier/3732934/Overview.aspx"
"2557331","BLACK THUNDER TRANSPORT",,"TACOMA","WA","2533184531","6","4","DriverFitness|DrugsAlcohol|VehicleMaint","3","16","3","5","https://ai.fmcsa.dot.gov/SMS/Carrier/2557331/Overview.aspx"
"3490413","BEST LOGISTICS INC",,"EAST MEADOW","NY","6465918085","9","8","DriverFitness|DrugsAlcohol|VehicleMaint","3","15","3","3","https://ai.fmcsa.dot.gov/SMS/Carrier/3490413/Overview.aspx"
"3779729","MUANA TRANSPORT INC",,"FONTANA","CA","5105572808","2","2","HOS|DrugsAlcohol|VehicleMaint","3","15","4","2","https://ai.fmcsa.dot.gov/SMS/Carrier/3779729/Overview.aspx"
"3714268","OPOSSUM CARRIERS LLC",,"LAREDO","TX","9567018401","14","13","HOS|DrugsAlcohol|VehicleMaint","3","14","0","4","https://ai.fmcsa.dot.gov/SMS/Carrier/3714268/Overview.aspx"
"3774939","SUNSHINE OUTDOOR SERVICES LLC",,"OLD TOWN","FL","3523562473","4","4","DriverFitness|DrugsAlcohol|VehicleMaint","3","13","1","2","https://ai.fmcsa.dot.gov/SMS/Carrier/3774939/Overview.aspx"
"4039260","ARTEM'S TOWING LLC",,"AUBURN","WA","2064748103","3","3","HOS|DriverFitness|DrugsAlcohol","3","13","1","0","https://ai.fmcsa.dot.gov/SMS/Carrier/4039260/Overview.aspx"
"2158269","CLIFF COTE","CPC LANDSCAPE LLC","OLYMPIA","WA","3604025521","25","14","DriverFitness|DrugsAlcohol|VehicleMaint","3","12","2","5","https://ai.fmcsa.dot.gov/SMS/Carrier/2158269/Overview.aspx"
"4060852","ADVANTAGE ASPHALT PAVING LLC",,"MISSOULA","MT","4065418770","8","5","DriverFitness|DrugsAlcohol|VehicleMaint","3","12","3","1","https://ai.fmcsa.dot.gov/SMS/Carrier/4060852/Overview.aspx"
"3573445","SMART FREIGHT SOLUTIONS LLC",,"OWASSO","OK","9182022844","16","3","DriverFitness|DrugsAlcohol|VehicleMaint","3","12","6","4","https://ai.fmcsa.dot.gov/SMS/Carrier/3573445/Overview.aspx"
"3166147","COASTAL BEND CONTAINERS INC",,"ROBSTOWN","TX","3612996405","5","5","DriverFitness|DrugsAlcohol|VehicleMaint","3","11","0","2","https://ai.fmcsa.dot.gov/SMS/Carrier/3166147/Overview.aspx"
"54855","7X TRUCKING LLC",,"OAKLEY","KS","7856720435","3","3","DriverFitness|DrugsAlcohol|VehicleMaint","3","11","2","5","https://ai.fmcsa.dot.gov/SMS/Carrier/54855/Overview.aspx"
"4179996","M O BRYANT PAVING LLC","BRECK'S PAVING","COLUMBUS","OH","6142766002","22","14","DriverFitness|DrugsAlcohol|VehicleMaint","3","11","5","4","https://ai.fmcsa.dot.gov/SMS/Carrier/4179996/Overview.aspx"
"4397971","FISH ON PAVING & CHIP SEAL LLC",,"MISSOULA","MT","4062076242","5","9","HOS|DrugsAlcohol|VehicleMaint","3","10","5","2","https://ai.fmcsa.dot.gov/SMS/Carrier/4397971/Overview.aspx"
"4342052","MIDWEST CARGO SOLUTIONS LLC",,"CANTON","OH","3308465040","2","2","HOS|DriverFitness|VehicleMaint","3","9","6","3","https://ai.fmcsa.dot.gov/SMS/Carrier/4342052/Overview.aspx"
"4004854","BLACK HILLS TRENCHING & BORING LLC",,"SPEARFISH","SD","6056411584","10","14","DriverFitness|DrugsAlcohol|VehicleMaint","3","9","4","6","https://ai.fmcsa.dot.gov/SMS/Carrier/4004854/Overview.aspx"
"3722095","WAGNER TRANSPORT LLC",,"GOTHENBURG","NE","3085291212","3","1","HOS|DriverFitness|DrugsAlcohol","3","9","5","5","https://ai.fmcsa.dot.gov/SMS/Carrier/3722095/Overview.aspx"
"2896095","FOUR J'S TRUCKING CORP",,"GOODING","ID","2084902484","4","3","HOS|DriverFitness|DrugsAlcohol","3","9","6","6","https://ai.fmcsa.dot.gov/SMS/Carrier/2896095/Overview.aspx"
"3664766","SECURE COMMUTERS LLC","TRANSPORTATION","BIG LAKE","MN","9522428481","6","3","HOS|DrugsAlcohol|VehicleMaint","3","9","5","5","https://ai.fmcsa.dot.gov/SMS/Carrier/3664766/Overview.aspx"
"3215653","EMPIRE BROS CONSTRUCTION LLC",,"KENNEWICK","WA","5093662252","9","4","HOS|DriverFitness|VehicleMaint","3","9","3","5","https://ai.fmcsa.dot.gov/SMS/Carrier/3215653/Overview.aspx"
"2999469","COLYER GENERAL CONSTRUCTION LLC","COLYER ASPHALT","PLEASANT HILL","OR","5418702302","4","3","HOS|DriverFitness|VehicleMaint","3","8","1","5","https://ai.fmcsa.dot.gov/SMS/Carrier/2999469/Overview.aspx"
"3299187","CHEEMA INCORPORATED",,"MIDDLE RIVER","MD","4438389173","1","1","HOS|DriverFitness|DrugsAlcohol","3","8","6","6","https://ai.fmcsa.dot.gov/SMS/Carrier/3299187/Overview.aspx"
"4313199","GALILEO NETWORKS LLC","GALILEONETWORKSOLUTIONS","LAUREL","MT","9176031671","25","33","DriverFitness|DrugsAlcohol|VehicleMaint","3","8","7","7","https://ai.fmcsa.dot.gov/SMS/Carrier/4313199/Overview.aspx"
"1584622","CHANCEY BOHANNAN SEPTIC & PORTA-JON LLC",,"ARCADIA","FL","8639902265","6","4","DriverFitness|DrugsAlcohol|VehicleMaint","3","8","4","5","https://ai.fmcsa.dot.gov/SMS/Carrier/1584622/Overview.aspx"
"3538200","FUENTES TRANSPORTATION LLC",,"NEW CANEY","TX","3463241234","50","51","HOS|DriverFitness","2","229","41","60","https://ai.fmcsa.dot.gov/SMS/Carrier/3538200/Overview.aspx"
"2901058","MASTER TRUCKING LLC",,"TUCSON","AZ","5208072300","33","32","HOS|DrugsAlcohol","2","100","21","16","https://ai.fmcsa.dot.gov/SMS/Carrier/2901058/Overview.aspx"
"2355940","TRANSFINITY LOGISTICS INC",,"ADDISON","IL","6303943400","23","20","HOS|DrugsAlcohol","2","86","1","13","https://ai.fmcsa.dot.gov/SMS/Carrier/2355940/Overview.aspx"
"3562253","INFINITE SERVICES INC",,"DOWNEY","CA","4086441199","5","12","DriverFitness|DrugsAlcohol","2","81","15","8","https://ai.fmcsa.dot.gov/SMS/Carrier/3562253/Overview.aspx"
"3682635","SONVIK TRANSPORT LLC",,"FRESNO","CA","2066659237","25","30","HOS|DrugsAlcohol","2","80","17","20","https://ai.fmcsa.dot.gov/SMS/Carrier/3682635/Overview.aspx"
"2830413","UV TRANS INC",,"SPARKS","NV","7757750777","16","19","HOS|DrugsAlcohol","2","77","5","5","https://ai.fmcsa.dot.gov/SMS/Carrier/2830413/Overview.aspx"
"3145419","REX LOGISTICS LLC",,"MIAMI","FL","7864220459","25","25","HOS|DrugsAlcohol","2","77","20","19","https://ai.fmcsa.dot.gov/SMS/Carrier/3145419/Overview.aspx"
"3539434","SPARK LOGISTIC INC",,"DALLAS","TX","7752999414","21","17","HOS|DriverFitness","2","66","6","16","https://ai.fmcsa.dot.gov/SMS/Carrier/3539434/Overview.aspx"
"2871763","ANA GONZALEZ","AJ SOLUTIONS","HOUSTON","TX","8323727516","10","10","DriverFitness|DrugsAlcohol","2","64","7","24","https://ai.fmcsa.dot.gov/SMS/Carrier/2871763/Overview.aspx"
"3288908","SOUTH HAVEN TRUCKING LLC","SOUTH HAVEN TRUCKING","BRAMAN","OK","4056399979","43","65","DrugsAlcohol|VehicleMaint","2","59","2","12","https://ai.fmcsa.dot.gov/SMS/Carrier/3288908/Overview.aspx"
"2835454","ZACK TRANSPORTATION LLC",,"COLUMBUS","OH","6147049484","21","21","DriverFitness|VehicleMaint","2","59","3","12","https://ai.fmcsa.dot.gov/SMS/Carrier/2835454/Overview.aspx"
"4155560","FAMILIA TRANSPORT LLC",,"WICHITA","KS","3162134444","5","2","HOS|DriverFitness","2","55","12","15","https://ai.fmcsa.dot.gov/SMS/Carrier/4155560/Overview.aspx"
"2966443","BEK AUTOTRANSPORT LLC",,"MASON","OH","5138882552","6","7","DriverFitness|VehicleMaint","2","53","7","9","https://ai.fmcsa.dot.gov/SMS/Carrier/2966443/Overview.aspx"
"3158760","AKRON FITS INC",,"INDEPENDENCE","OH","4408329145","10","9","DriverFitness|DrugsAlcohol","2","51","3","7","https://ai.fmcsa.dot.gov/SMS/Carrier/3158760/Overview.aspx"
"3213446","JOHNSON TRUCKING LLC",,"SELAH","WA","5099854523","8","3","HOS|DrugsAlcohol","2","51","16","17","https://ai.fmcsa.dot.gov/SMS/Carrier/3213446/Overview.aspx"
"3553125","SEVEN LOGISTICS INC",,"ONTARIO","CA","9094383006","8","12","HOS|DriverFitness","2","51","5","5","https://ai.fmcsa.dot.gov/SMS/Carrier/3553125/Overview.aspx"
"4052768","KFG TRANSPORT LLC",,"ADELANTO","CA","9512636704","15","14","HOS|DrugsAlcohol","2","50","14","6","https://ai.fmcsa.dot.gov/SMS/Carrier/4052768/Overview.aspx"
"3577515","MA TRANSPORTATION LLC",,"BEDFORD","TX","3192376307","13","15","HOS|DriverFitness","2","49","3","13","https://ai.fmcsa.dot.gov/SMS/Carrier/3577515/Overview.aspx"
"1635920","ALASKA PACIFIC TRUCKING INC",,"PORT ANGELES","WA","3604601812","14","12","DriverFitness|DrugsAlcohol","2","49","1","7","https://ai.fmcsa.dot.gov/SMS/Carrier/1635920/Overview.aspx"
"3723571","SPEEDY X GROUP INC",,"DIAMOND BAR","CA","9518181565","4","3","HOS|DriverFitness","2","48","18","9","https://ai.fmcsa.dot.gov/SMS/Carrier/3723571/Overview.aspx"
"2337020","FLORIDA INFRASTRUCTURE INC",,"HILLIARD","FL","9043789700","15","14","DrugsAlcohol|VehicleMaint","2","47","1","1","https://ai.fmcsa.dot.gov/SMS/Carrier/2337020/Overview.aspx"
"3439828","SUNNY TRUCKLINE INC",,"BAKERSFIELD","CA","9514389629","6","6","HOS|VehicleMaint","2","46","10","10","https://ai.fmcsa.dot.gov/SMS/Carrier/3439828/Overview.aspx"
"4210180","HJL TRUCKING CORP",,"SHAKOPEE","MN","6263658018","6","5","HOS|DrugsAlcohol","2","46","2","9","https://ai.fmcsa.dot.gov/SMS/Carrier/4210180/Overview.aspx"
"4133879","KM TECHNO LLC",,"NEWARK","NJ","9293331915","5","3","DriverFitness|DrugsAlcohol","2","46","18","9","https://ai.fmcsa.dot.gov/SMS/Carrier/4133879/Overview.aspx"
"2947217","US CARGO TRANSPORTATION SERVICES CORP",,"MICHIGAN CITY","IN","2243243863","14","14","DriverFitness|DrugsAlcohol","2","46","3","13","https://ai.fmcsa.dot.gov/SMS/Carrier/2947217/Overview.aspx"
"3650012","RATATATI INC",,"DAYTON","OH","7403245454","2","1","DriverFitness|VehicleMaint","2","45","10","11","https://ai.fmcsa.dot.gov/SMS/Carrier/3650012/Overview.aspx"
"2473334","JBC TRUCKING LLC",,"RENO","NV","7758301675","15","16","HOS|DrugsAlcohol","2","44","5","7","https://ai.fmcsa.dot.gov/SMS/Carrier/2473334/Overview.aspx"
"3778500","EP BORDER FREIGHT CO INC",,"EL PASO","TX","9155438489","11","13","HOS|DriverFitness","2","41","7","5","https://ai.fmcsa.dot.gov/SMS/Carrier/3778500/Overview.aspx"
"2370555","CHOATE OILFIELD SERVICES LLC",,"HENNESSEY","OK","5804020272","37","18","HOS|DriverFitness","2","41","2","11","https://ai.fmcsa.dot.gov/SMS/Carrier/2370555/Overview.aspx"
"4254395","GOLDEN MILE LLC",,"EL PASO","TX","9157991361","10","11","DriverFitness|DrugsAlcohol","2","40","13","12","https://ai.fmcsa.dot.gov/SMS/Carrier/4254395/Overview.aspx"
"2451605","SHADIRIS CORP",,"RICHMOND HILL","NY","9173373699","1","1","HOS|DriverFitness","2","40","12","10","https://ai.fmcsa.dot.gov/SMS/Carrier/2451605/Overview.aspx"
"4140689","TEXAS FUELERS LLC",,"EDINBURG","TX","9563095062","5","5","DriverFitness|DrugsAlcohol","2","39","2","13","https://ai.fmcsa.dot.gov/SMS/Carrier/4140689/Overview.aspx"
"3782333","I-TREE EXPERTS CO",,"MIDDLE RIVER","MD","4105914820","4","3","DriverFitness|DrugsAlcohol","2","39","20","29","https://ai.fmcsa.dot.gov/SMS/Carrier/3782333/Overview.aspx"
"4157994","LYNDON EXPRESS LLC",,"SAINT CLOUD","FL","5618603273","6","7","HOS|DriverFitness","2","38","3","9","https://ai.fmcsa.dot.gov/SMS/Carrier/4157994/Overview.aspx"
"3034060","OMELYANA TOWING LLC","OTL","ARLINGTON","WA","2065568659","15","13","DriverFitness|DrugsAlcohol","2","36","2","8","https://ai.fmcsa.dot.gov/SMS/Carrier/3034060/Overview.aspx"
"3709376","5 STARS EXPRESS LLC",,"SHAKOPEE","MN","3204790617","4","1","HOS|DriverFitness","2","36","1","9","https://ai.fmcsa.dot.gov/SMS/Carrier/3709376/Overview.aspx"
"4212048","UG LOGISTICS LLC",,"HOUSTON","TX","2817232185","3","3","DriverFitness|DrugsAlcohol","2","36","22","17","https://ai.fmcsa.dot.gov/SMS/Carrier/4212048/Overview.aspx"
"3433756","GRIZZLY TREE EXPERTS LLC",,"WOODSTOCK","GA","6787093371","22","14","DriverFitness|DrugsAlcohol","2","35","26","7","https://ai.fmcsa.dot.gov/SMS/Carrier/3433756/Overview.aspx"
"2375228","IMAN CARRIERS INC",,"ST JOSEPH","MN","3205570490","6","5","DriverFitness|DrugsAlcohol","2","32","1","6","https://ai.fmcsa.dot.gov/SMS/Carrier/2375228/Overview.aspx"
"3693391","CITIE 1 TRUCKING LLC",,"GARFIELD HEIGHTS","OH","2162947451","6","8","HOS|DriverFitness","2","30","10","4","https://ai.fmcsa.dot.gov/SMS/Carrier/3693391/Overview.aspx"
"2428827","LOIS YODER TRUCKING LLC",,"HICKSVILLE","OH","2607504347","20","20","HOS|VehicleMaint","2","29","1","3","https://ai.fmcsa.dot.gov/SMS/Carrier/2428827/Overview.aspx"
"3440375","HOOFIN IT TRUCKING LLC",,"PLAINVIEW","NE","4026491975","12","10","DriverFitness|DrugsAlcohol","2","28","3","3","https://ai.fmcsa.dot.gov/SMS/Carrier/3440375/Overview.aspx"
"3173438","MECCA TRUCKING LLC",,"WOODBURY","MN","6126367423","5","8","DriverFitness|DrugsAlcohol","2","27","1","5","https://ai.fmcsa.dot.gov/SMS/Carrier/3173438/Overview.aspx"
"3559485","KANIA LOGISTICS LLC",,"BROOKLYN PARK","MN","7635684575","5","5","HOS|VehicleMaint","2","27","10","3","https://ai.fmcsa.dot.gov/SMS/Carrier/3559485/Overview.aspx"
"4314795","MTL TRANSPORT INC",,"KOKOMO","IN","9517056234","7","5","UnsafeDriving|DrugsAlcohol","2","27","8","6","https://ai.fmcsa.dot.gov/SMS/Carrier/4314795/Overview.aspx"
"4332570","ZEUS FAST TRANSPORT CORP",,"MIAMI","FL","7866565105","5","5","DriverFitness|VehicleMaint","2","27","17","18","https://ai.fmcsa.dot.gov/SMS/Carrier/4332570/Overview.aspx"
"1784268","IRON PINE COMPANY LLC",,"DEER LODGE","MT","4065600040","9","7","DriverFitness|VehicleMaint","2","26","2","8","https://ai.fmcsa.dot.gov/SMS/Carrier/1784268/Overview.aspx"
"2987572","EL BARBARAZO TRANSPORT INC",,"FONTANA","CA","9094967041","2","3","DrugsAlcohol|VehicleMaint","2","25","4","5","https://ai.fmcsa.dot.gov/SMS/Carrier/2987572/Overview.aspx"
"4257004","FLORES FREIGHT LLC",,"SILSBEE","TX","5127097143","13","12","HOS|DriverFitness","2","25","15","18","https://ai.fmcsa.dot.gov/SMS/Carrier/4257004/Overview.aspx"
"3183778","DURANGO LOGISTICS INC",,"HIDALGO","TX","9562502619","6","6","HOS|VehicleMaint","2","25","3","7","https://ai.fmcsa.dot.gov/SMS/Carrier/3183778/Overview.aspx"
"990999","CIRCUIT TRUCKING LLC",,"SUGAR CITY","ID","2083569038","48","38","HOS|DrugsAlcohol","2","25","5","4","https://ai.fmcsa.dot.gov/SMS/Carrier/990999/Overview.aspx"
"4247104","REVEREND TRANSPORTATION LLC",,"AKRON","OH","3309377511","3","4","HOS|DriverFitness","2","24","9","1","https://ai.fmcsa.dot.gov/SMS/Carrier/4247104/Overview.aspx"
"3902935","KEEP MOVING FORWARD ENTERPRISE LLC",,"CRESTLINE","CA","9099750756","1","2","DrugsAlcohol|VehicleMaint","2","24","4","10","https://ai.fmcsa.dot.gov/SMS/Carrier/3902935/Overview.aspx"
"2432203","F & Z TRANSPORT LLC",,"COLUMBIA","MO","5739994639","4","4","DriverFitness|DrugsAlcohol","2","24","11","4","https://ai.fmcsa.dot.gov/SMS/Carrier/2432203/Overview.aspx"
"4139469","TEXAS PREMIER LOGISTICS LLC",,"MCKINNEY","TX","2145051138","2","1","HOS|DriverFitness","2","24","10","3","https://ai.fmcsa.dot.gov/SMS/Carrier/4139469/Overview.aspx"
"4151524","ALL AMERICAN TRANS-CO LLC",,"FENTON","MI","7345786518","1","1","HOS|DriverFitness","2","23","10","4","https://ai.fmcsa.dot.gov/SMS/Carrier/4151524/Overview.aspx"
"4248114","POLO TRANSPORTATION LLC",,"SPRING","TX","3462527413","2","2","DriverFitness|DrugsAlcohol","2","23","20","18","https://ai.fmcsa.dot.gov/SMS/Carrier/4248114/Overview.aspx"
"3922393","XR LOGISTICS INC",,"ONTARIO","CA","6266877065","2","1","HOS|DrugsAlcohol","2","23","7","4","https://ai.fmcsa.dot.gov/SMS/Carrier/3922393/Overview.aspx"
"3499008","MAPLE'S EXPRESS DELIVERY SERVICES LLC","MAPLE'S EXPRESS DELIVERY SERVICES","BLYTHEWOOD","SC","8033615598","2","3","DriverFitness|DrugsAlcohol","2","22","10","5","https://ai.fmcsa.dot.gov/SMS/Carrier/3499008/Overview.aspx"
"1953716","FRUTCAMPO TRANSPORT LLC",,"PHARR","TX","9567870440","4","3","HOS|DrugsAlcohol","2","22","6","7","https://ai.fmcsa.dot.gov/SMS/Carrier/1953716/Overview.aspx"
"2778526","REINIEL TRUCKING LLC",,"CYPRESS","TX","7863994622","1","2","HOS|DrugsAlcohol","2","22","3","5","https://ai.fmcsa.dot.gov/SMS/Carrier/2778526/Overview.aspx"
"2177332","MICHAEL WILLIAM LOGISTICS INC",,"MIDWAY CITY","CA","6577127916","3","3","HOS|DrugsAlcohol","2","22","0","8","https://ai.fmcsa.dot.gov/SMS/Carrier/2177332/Overview.aspx"
"3151062","AKAL FREIGHT LLC",,"OAK CREEK","WI","8332813151","14","19","DriverFitness|DrugsAlcohol","2","22","1","1","https://ai.fmcsa.dot.gov/SMS/Carrier/3151062/Overview.aspx"
"4274800","OWNERLER EXPRESS INC",,"DES PLAINES","IL","3125055247","9","10","DriverFitness|DrugsAlcohol","2","22","2","5","https://ai.fmcsa.dot.gov/SMS/Carrier/4274800/Overview.aspx"
"3379984","FX LOGISTICS LLC",,"ORLANDO","FL","4074291429","3","3","DrugsAlcohol|VehicleMaint","2","22","5","9","https://ai.fmcsa.dot.gov/SMS/Carrier/3379984/Overview.aspx"
"1939957","RODOLFO VAZQUEZ",,"SANTA MARIA","TX","9568258100","4","4","HOS|DrugsAlcohol","2","21","1","5","https://ai.fmcsa.dot.gov/SMS/Carrier/1939957/Overview.aspx"
"4243030","MARTINEZ A&C TRUCKING LLC",,"WENONAH","NJ","2129206837","4","5","HOS|DriverFitness","2","21","12","7","https://ai.fmcsa.dot.gov/SMS/Carrier/4243030/Overview.aspx"
"2635100","4B'S BACKHOE SERVICE LLC",,"ODESSA","TX","4328884741","10","5","DriverFitness|DrugsAlcohol","2","21","5","12","https://ai.fmcsa.dot.gov/SMS/Carrier/2635100/Overview.aspx"
"984192","OZUNAS TRANSPORT LLC",,"WARDEN","WA","5097507749","10","6","DriverFitness|DrugsAlcohol","2","21","4","7","https://ai.fmcsa.dot.gov/SMS/Carrier/984192/Overview.aspx"
"3130251","DARREN YES TRUCKING",,"LA PUENTE","CA","6265869131","3","3","HOS|DriverFitness","2","21","5","4","https://ai.fmcsa.dot.gov/SMS/Carrier/3130251/Overview.aspx"
"3002629","ALBAZI TRUCKING INC",,"MACOMB","MI","5863545055","8","8","DriverFitness|DrugsAlcohol","2","21","2","1","https://ai.fmcsa.dot.gov/SMS/Carrier/3002629/Overview.aspx"
"3289256","EAST COAST LOGISTICS LLC",,"NEWARK","NJ","3476494861","3","3","DriverFitness|DrugsAlcohol","2","21","13","12","https://ai.fmcsa.dot.gov/SMS/Carrier/3289256/Overview.aspx"
"3417507","GT TRUCK AND TRANSPORTATION LLC",,"DAVENPORT","FL","4078105638","1","1","HOS|DriverFitness","2","20","12","6","https://ai.fmcsa.dot.gov/SMS/Carrier/3417507/Overview.aspx"
"2899341","BOND TRANSPORT LLC",,"VICTORVILLE","CA","9096443579","3","3","HOS|VehicleMaint","2","20","2","4","https://ai.fmcsa.dot.gov/SMS/Carrier/2899341/Overview.aspx"
"3609883","FGE TRANSPORT INC",,"JERSEY CITY","NJ","3473534067","16","8","DriverFitness|DrugsAlcohol","2","20","8","5","https://ai.fmcsa.dot.gov/SMS/Carrier/3609883/Overview.aspx"
"2137776","MIDWAY SERVICE INC","VOLLAN OIL CO","BALTIC","SD","6055295458","48","29","DriverFitness|DrugsAlcohol","2","20","0","2","https://ai.fmcsa.dot.gov/SMS/Carrier/2137776/Overview.aspx"
"1163946","MARAS TRUCKING LLC",,"SANBORN","MN","5078220400","3","3","UnsafeDriving|DriverFitness","2","20","1","3","https://ai.fmcsa.dot.gov/SMS/Carrier/1163946/Overview.aspx"
"2423120","NETVISION INC",,"LYNNWOOD","WA","4253532078","24","39","DriverFitness|VehicleMaint","2","20","2","10","https://ai.fmcsa.dot.gov/SMS/Carrier/2423120/Overview.aspx"
"1878036","FRANK MARQUEZ PULIDO","FREEDOM TRANSPORT","ONTARIO","CA","9094358124","7","7","DriverFitness|DrugsAlcohol","2","20","10","3","https://ai.fmcsa.dot.gov/SMS/Carrier/1878036/Overview.aspx"
"1691663","G & G GARBAGE LLC",,"BAKER","MT","8666447168","17","10","DriverFitness|DrugsAlcohol","2","20","2","10","https://ai.fmcsa.dot.gov/SMS/Carrier/1691663/Overview.aspx"
"3441051","RAJPURA TRANSPORTATION INC",,"FRESNO","CA","5179403148","6","9","DriverFitness|DrugsAlcohol","2","20","5","5","https://ai.fmcsa.dot.gov/SMS/Carrier/3441051/Overview.aspx"
"4048655","HIGHEND STAPLES LOGISTICS LLC",,"CARTHAGE","MO","4173884905","3","1","DrugsAlcohol|VehicleMaint","2","19","6","5","https://ai.fmcsa.dot.gov/SMS/Carrier/4048655/Overview.aspx"
"2881812","NOGOB LOGISTICS INC",,"MINNEAPOLIS","MN","3203093843","7","8","HOS|VehicleMaint","2","19","2","4","https://ai.fmcsa.dot.gov/SMS/Carrier/2881812/Overview.aspx"
"2955197","ELITE RECYCLING LLC",,"BROOKNEAL","VA","4343761200","30","19","DriverFitness|DrugsAlcohol","2","19","2","4","https://ai.fmcsa.dot.gov/SMS/Carrier/2955197/Overview.aspx"
"3139174","PB07 TRANSPORT INC",,"GREENWOOD","IN","3176271267","8","8","HOS|DriverFitness","2","18","2","2","https://ai.fmcsa.dot.gov/SMS/Carrier/3139174/Overview.aspx"
"3363503","OUTLAW MOUNTAIN TRUCKING LLC",,"DILLON","MT","4062402953","3","4","DriverFitness|DrugsAlcohol","2","18","1","4","https://ai.fmcsa.dot.gov/SMS/Carrier/3363503/Overview.aspx"
"2958922","CAN CONSTRUCTION LLC",,"CORNELIUS","OR","5036088561","14","14","DriverFitness|VehicleMaint","2","18","0","1","https://ai.fmcsa.dot.gov/SMS/Carrier/2958922/Overview.aspx"
"3194350","HUNTER LANES TRANSPORTATION LLC",,"GOODYEAR","AZ","4148757567","3","2","HOS|DriverFitness","2","18","6","7","https://ai.fmcsa.dot.gov/SMS/Carrier/3194350/Overview.aspx"
"2036031","ACE TREE SERVICE",,"BIRMINGHAM","AL","2053327757","23","12","DriverFitness|DrugsAlcohol","2","18","6","4","https://ai.fmcsa.dot.gov/SMS/Carrier/2036031/Overview.aspx"
"3245922","FAST-LH EXPRESS INC",,"CHINO","CA","6268419748","3","3","HOS|DrugsAlcohol","2","17","5","8","https://ai.fmcsa.dot.gov/SMS/Carrier/3245922/Overview.aspx"
"1610393","D E N UNITED GENERAL CONSTRUCTION LLC",,"WAS","DC","2023994222","7","5","DriverFitness|DrugsAlcohol","2","17","7","4","https://ai.fmcsa.dot.gov/SMS/Carrier/1610393/Overview.aspx"
"2895880","ABI TRANSPORT LLC",,"LAREDO","TX","9567557390","2","2","DrugsAlcohol|VehicleMaint","2","17","4","4","https://ai.fmcsa.dot.gov/SMS/Carrier/2895880/Overview.aspx"
"3196779","ATLANTA ELITE SHUTTLE LLC","A ATLANTA ELITE SHUTTLE","ATLANTA","GA","7709554565","13","13","DriverFitness|VehicleMaint","2","16","0","4","https://ai.fmcsa.dot.gov/SMS/Carrier/3196779/Overview.aspx"
"1198869","JAMES V RICHMOND","VIC RICHMOND FARMS","POPLAR GROVE","AR","8709953000","37","30","DrugsAlcohol|VehicleMaint","2","16","8","5","https://ai.fmcsa.dot.gov/SMS/Carrier/1198869/Overview.aspx"
"3296139","JR TRANSPORTATION LOGISTICS SOLUTIONS LLC",,"NORTH BEND","NE","6316805312","6","4","HOS|VehicleMaint","2","16","4","3","https://ai.fmcsa.dot.gov/SMS/Carrier/3296139/Overview.aspx"
"2643392","RPM RECOVERY LLC",,"STRAFFORD","MO","4178655555","20","12","DriverFitness|DrugsAlcohol","2","16","3","5","https://ai.fmcsa.dot.gov/SMS/Carrier/2643392/Overview.aspx"
"4010140","INTERSTATE RUBBISH REMOVAL INC",,"JAMESBURG","NJ","7325219535","8","8","DrugsAlcohol|VehicleMaint","2","16","4","7","https://ai.fmcsa.dot.gov/SMS/Carrier/4010140/Overview.aspx"
"3598862","KDNS ENTERPRISES LLC",,"OAK PARK","IL","7736065741","1","1","HOS|DriverFitness","2","16","7","3","https://ai.fmcsa.dot.gov/SMS/Carrier/3598862/Overview.aspx"
"3977803","SIMON CABINETS",,"LOS ANGELES","CA","3236852220","4","8","HOS|DrugsAlcohol","2","16","12","4","https://ai.fmcsa.dot.gov/SMS/Carrier/3977803/Overview.aspx"
"3377767","IN-N-OUT FREIGHT LLC",,"BLOOMINGTON","MN","6124423088","5","5","HOS|VehicleMaint","2","16","0","5","https://ai.fmcsa.dot.gov/SMS/Carrier/3377767/Overview.aspx"
"1140745","DIESEL EXPEDITE INC",,"MARKHAM","IL","8472207858","17","14","HOS|DriverFitness","2","16","5","5","https://ai.fmcsa.dot.gov/SMS/Carrier/1140745/Overview.aspx"
"3933463","GEORGES P MIENLAME TRUCKING LLC",,"EAU CLAIRE","WI","3475767700","1","1","HOS|VehicleMaint","2","15","4","10","https://ai.fmcsa.dot.gov/SMS/Carrier/3933463/Overview.aspx"
"2406057","ONTIME DISTRIBUTION INC",,"MASPETH","NY","7184171100","3","4","HOS|DrugsAlcohol","2","15","12","2","https://ai.fmcsa.dot.gov/SMS/Carrier/2406057/Overview.aspx"
"2064230","NITTANY OIL COMPANY INC",,"STATE COLLEGE","PA","8143420210","35","27","DriverFitness|DrugsAlcohol","2","15","0","4","https://ai.fmcsa.dot.gov/SMS/Carrier/2064230/Overview.aspx"
"2549178","SITE PREPARATIONS LLC",,"GAP","PA","7179897495","18","19","DriverFitness|DrugsAlcohol","2","15","4","1","https://ai.fmcsa.dot.gov/SMS/Carrier/2549178/Overview.aspx"
"1078970","ROCKIN A&J TRUCKING AND EXCAVATING LLC",,"SUMNER","WA","2537097852","6","7","DriverFitness|DrugsAlcohol","2","15","2","2","https://ai.fmcsa.dot.gov/SMS/Carrier/1078970/Overview.aspx"
"2627366","SSM TRANSPORT LLC",,"COMMERCE","CA","3105250093","5","5","HOS|DrugsAlcohol","2","14","7","4","https://ai.fmcsa.dot.gov/SMS/Carrier/2627366/Overview.aspx"
"4211811","XIUHUA INC",,"ROSEMEAD","CA","8188628978","2","1","HOS|DrugsAlcohol","2","14","5","4","https://ai.fmcsa.dot.gov/SMS/Carrier/4211811/Overview.aspx"
"3748754","MEDINA LOGISTICS LLC",,"SAINT CLOUD","MN","4027064548","1","1","HOS|VehicleMaint","2","14","1","1","https://ai.fmcsa.dot.gov/SMS/Carrier/3748754/Overview.aspx"
"4032019","B & O TRANSPORT AND SERVICES LLC",,"MUNDAY","TX","2144345269","2","3","DriverFitness|DrugsAlcohol","2","13","9","6","https://ai.fmcsa.dot.gov/SMS/Carrier/4032019/Overview.aspx"
"269873","VAUGHT TRUCKING INC",,"THOMPSON FALLS","MT","4068274485","7","6","HOS|DriverFitness","2","13","0","7","https://ai.fmcsa.dot.gov/SMS/Carrier/269873/Overview.aspx"
"4332283","EAR TELECOMMUNICATIONS LLC","EARTC","MANOR","TX","5122184200","5","3","DriverFitness|DrugsAlcohol","2","13","8","12","https://ai.fmcsa.dot.gov/SMS/Carrier/4332283/Overview.aspx"
"4225881","S-J TRUCKING LLC",,"WABASSO","MN","15078221437","16","13","UnsafeDriving|DriverFitness","2","13","5","1","https://ai.fmcsa.dot.gov/SMS/Carrier/4225881/Overview.aspx"
"3861783","HAY HAULER TRUCKING LLC",,"PASADENA","TX","8329099664","3","6","DriverFitness|DrugsAlcohol","2","13","3","8","https://ai.fmcsa.dot.gov/SMS/Carrier/3861783/Overview.aspx"
"3440171","K I M EXPRESS LLC",,"CLEVELAND","OH","2167031160","3","2","HOS|DrugsAlcohol","2","13","4","1","https://ai.fmcsa.dot.gov/SMS/Carrier/3440171/Overview.aspx"
"3467821","C&T HERNANDEZ TRUCKING INC",,"JEROME","ID","2084901858","3","3","HOS|VehicleMaint","2","12","6","11","https://ai.fmcsa.dot.gov/SMS/Carrier/3467821/Overview.aspx"
"3279306","EXPRESS PLATINUM TRUCKING LLC",,"LINDENHURST","NY","6312104257","4","4","HOS|DriverFitness","2","12","3","3","https://ai.fmcsa.dot.gov/SMS/Carrier/3279306/Overview.aspx"
"2935212","UTILITY SOLUTIONS LLC",,"PAPILLION","NE","9312153788","20","19","DriverFitness|VehicleMaint","2","12","0","4","https://ai.fmcsa.dot.gov/SMS/Carrier/2935212/Overview.aspx"
"1425709","VALLEY TOWING INC","XPRESS TOWING","RIFLE","CO","9709458120","13","5","HOS|DriverFitness","2","12","1","0","https://ai.fmcsa.dot.gov/SMS/Carrier/1425709/Overview.aspx"
"221621","ST JOE NATURAL GAS CO INC","THE APPLIANCE SOLUTION","PORT ST JOE","FL","8502298217","6","4","DriverFitness|VehicleMaint","2","12","1","0","https://ai.fmcsa.dot.gov/SMS/Carrier/221621/Overview.aspx"
"4297507","STR8 TRAILER KINGZ LLC",,"DECATUR","GA","7327916702","3","2","HOS|DrugsAlcohol","2","12","10","7","https://ai.fmcsa.dot.gov/SMS/Carrier/4297507/Overview.aspx"
"3830921","YH DYNAMIC BUSINESS CORP","FAST AND EASY FREIGHT TRUCKING","HIALEAH","FL","7865261871","2","2","HOS|DrugsAlcohol","2","11","2","3","https://ai.fmcsa.dot.gov/SMS/Carrier/3830921/Overview.aspx"
"3796683","PALMER TRUCK LINE LLC",,"FARMERS BRANCH","TX","7865801864","2","1","HOS|DriverFitness","2","11","5","2","https://ai.fmcsa.dot.gov/SMS/Carrier/3796683/Overview.aspx"
"1936092","OSG DOZING LLC",,"OLYMPIA","WA","3607054319","11","10","HOS|DriverFitness","2","11","1","2","https://ai.fmcsa.dot.gov/SMS/Carrier/1936092/Overview.aspx"
"4046564","MUIGA LOGISTICS LLC",,"HARRISBURG","PA","5707941240","1","1","DriverFitness|DrugsAlcohol","2","11","3","3","https://ai.fmcsa.dot.gov/SMS/Carrier/4046564/Overview.aspx"
"617374","MICHAEL E JOHNSON","MICHAEL E JOHNSON TRUCKING","WILCOX","NE","3088303252","7","5","HOS|DrugsAlcohol","2","11","4","0","https://ai.fmcsa.dot.gov/SMS/Carrier/617374/Overview.aspx"
"1196159","BLUE STAR TRANSPORTATION INC",,"SAVAGE","MN","6122233562","2","4","HOS|VehicleMaint","2","11","1","2","https://ai.fmcsa.dot.gov/SMS/Carrier/1196159/Overview.aspx"
"3028594","GENERAL LOGISTICS LLC",,"DAYTON","OH","4437220787","7","8","UnsafeDriving|DriverFitness","2","11","2","3","https://ai.fmcsa.dot.gov/SMS/Carrier/3028594/Overview.aspx"
"3630502","SAFETY AUTO REPAIR LLC","SAFETY TOWING","LYNNWOOD","WA","2064463790","2","2","HOS|VehicleMaint","2","11","0","6","https://ai.fmcsa.dot.gov/SMS/Carrier/3630502/Overview.aspx"
"4203047","B&B LIVESTOCK LLC",,"GOTHENBURG","NE","3086437088","6","4","HOS|DrugsAlcohol","2","11","3","1","https://ai.fmcsa.dot.gov/SMS/Carrier/4203047/Overview.aspx"
"514401","WEBER WATER RESOURCES LLC",,"MESA","AZ","4809611141","24","22","DriverFitness|DrugsAlcohol","2","11","3","6","https://ai.fmcsa.dot.gov/SMS/Carrier/514401/Overview.aspx"
"1914983","EVERGREEN EXCAVATION INC",,"TACOMA","WA","2537522328","10","5","DriverFitness|VehicleMaint","2","10","0","4","https://ai.fmcsa.dot.gov/SMS/Carrier/1914983/Overview.aspx"
"3960962","OLVERA & SONS LLC",,"JONESBORO","GA","4706848210","3","3","UnsafeDriving|DriverFitness","2","10","3","1","https://ai.fmcsa.dot.gov/SMS/Carrier/3960962/Overview.aspx"
"742065","PLIKAT LOGGING INC",,"ROSEBURG","OR","5416730553","35","24","DriverFitness|VehicleMaint","2","10","1","2","https://ai.fmcsa.dot.gov/SMS/Carrier/742065/Overview.aspx"
"1468683","SLOAN PETROLEUM TRANSPORT LLC",,"YPSILANTI","MI","7344801955","6","7","HOS|DrugsAlcohol","2","10","0","2","https://ai.fmcsa.dot.gov/SMS/Carrier/1468683/Overview.aspx"
"3296424","PRESSED 4 TIME LLC","PRESSED 4 TIME TRUCKING","BALTIMORE","MD","4439226391","2","2","DriverFitness|DrugsAlcohol","2","10","4","0","https://ai.fmcsa.dot.gov/SMS/Carrier/3296424/Overview.aspx"
"4277037","ROLFE2ROAD LLC",,"MORA","MN","3204365779","1","1","HOS|DriverFitness","2","9","1","1","https://ai.fmcsa.dot.gov/SMS/Carrier/4277037/Overview.aspx"
"2802589","MOLINA DIRECTIONAL DRILLING LLC",,"GARLAND","TX","4699192865","10","3","DriverFitness|DrugsAlcohol","2","9","9","8","https://ai.fmcsa.dot.gov/SMS/Carrier/2802589/Overview.aspx"
"2463991","TRANSPORTES GUERRA LLC",,"EAGLE PASS","TX","8177978743","3","3","HOS|DrugsAlcohol","2","9","0","4","https://ai.fmcsa.dot.gov/SMS/Carrier/2463991/Overview.aspx"
"2445659","ECOAST TIMBER INC",,"BONIFAY","FL","7274334537","4","4","DriverFitness|VehicleMaint","2","9","4","3","https://ai.fmcsa.dot.gov/SMS/Carrier/2445659/Overview.aspx"
"2452590","BS CARRIERS INC",,"FORDS","NJ","7326213685","4","6","HOS|DrugsAlcohol","2","9","3","6","https://ai.fmcsa.dot.gov/SMS/Carrier/2452590/Overview.aspx"
"3957871","SUPPORT CARRIERS GROUP INC",,"FERRIS","TX","2142289755","3","4","DriverFitness|DrugsAlcohol","2","9","0","7","https://ai.fmcsa.dot.gov/SMS/Carrier/3957871/Overview.aspx"
"3286229","HIGH POWER HAULING AND TRANSPORT LLC",,"FORT LAUDERDALE","FL","9549556956","1","1","HOS|DriverFitness","2","9","8","5","https://ai.fmcsa.dot.gov/SMS/Carrier/3286229/Overview.aspx"
"3759640","VEGA AND SONS TRUCKING LLC",,"SOMERTON","AZ","9289881486","1","2","HOS|DriverFitness","2","8","3","3","https://ai.fmcsa.dot.gov/SMS/Carrier/3759640/Overview.aspx"
"3450330","DEOL TRANSPORT INC",,"RACINE","WI","9513125210","3","3","DriverFitness|DrugsAlcohol","2","8","2","0","https://ai.fmcsa.dot.gov/SMS/Carrier/3450330/Overview.aspx"
"2934840","NORTHERN INDIANA OILS LLC","PURE EDIBLE OILS","INDIANAPOLIS","IN","3179660288","9","8","DriverFitness|DrugsAlcohol","2","8","5","0","https://ai.fmcsa.dot.gov/SMS/Carrier/2934840/Overview.aspx"
"4210519","LUXEKREATIONSS LLC",,"MAGNOLIA","TX","3463051667","1","1","HOS|DrugsAlcohol","2","8","4","4","https://ai.fmcsa.dot.gov/SMS/Carrier/4210519/Overview.aspx"
"567825","INFRASTRUCTURE SERVICES INC",,"HOUSTON","TX","7132086307","17","11","DriverFitness|DrugsAlcohol","2","8","1","3","https://ai.fmcsa.dot.gov/SMS/Carrier/567825/Overview.aspx"
"1885699","LEWEN LINE CONSTRUCTION INC",,"BORDEN","IN","8126700429","45","35","DriverFitness|DrugsAlcohol","2","8","1","4","https://ai.fmcsa.dot.gov/SMS/Carrier/1885699/Overview.aspx"
"3601365","SAPPHIRE CARTAGE LLC",,"SEARCY","AR","5013059257","1","1","HOS|DriverFitness","2","8","1","2","https://ai.fmcsa.dot.gov/SMS/Carrier/3601365/Overview.aspx"
"3033808","OUTLAW TRUCKERS LLC",,"WEST ALEXANDRIA","OH","9375456752","8","7","DriverFitness|VehicleMaint","2","8","2","2","https://ai.fmcsa.dot.gov/SMS/Carrier/3033808/Overview.aspx"
"4283636","VIEIRA TRANSPORT CORP",,"WOBURN","MA","4133343995","1","1","DriverFitness|DrugsAlcohol","2","8","4","2","https://ai.fmcsa.dot.gov/SMS/Carrier/4283636/Overview.aspx"
"3844572","KR HOMES LLC",,"WINLOCK","WA","3609037700","2","6","DriverFitness|VehicleMaint","2","8","0","4","https://ai.fmcsa.dot.gov/SMS/Carrier/3844572/Overview.aspx"
"4271503","SKY GUARD SERVICES LLC",,"RIO RICO","AZ","5208399021","1","1","DriverFitness|DrugsAlcohol","2","8","1","1","https://ai.fmcsa.dot.gov/SMS/Carrier/4271503/Overview.aspx"
"3519782","BITSHARP CORPORATION","LEO LINES","CINCINNATI","OH","5137253303","5","5","DrugsAlcohol","1","730","48","78","https://ai.fmcsa.dot.gov/SMS/Carrier/3519782/Overview.aspx"
"3628396","LOADMODE LLC","LOADMODE","SPRINGBORO","OH","5155161515","21","24","DrugsAlcohol","1","449","10","68","https://ai.fmcsa.dot.gov/SMS/Carrier/3628396/Overview.aspx"
"4006982","DK MAX PRIME INC",,"CINCINNATI","OH","5139930078","10","11","DriverFitness","1","412","21","46","https://ai.fmcsa.dot.gov/SMS/Carrier/4006982/Overview.aspx"
"3509638","NOVA FREIGHT LLC",,"CHICAGO HEIGHTS","IL","7082776633","1","1","DriverFitness","1","346","9","71","https://ai.fmcsa.dot.gov/SMS/Carrier/3509638/Overview.aspx"
"1453815","CESAR HERNANDEZ","INTRANSIT EXPRESS DELIVERY","HEBER","CA","3233253131","14","22","DrugsAlcohol","1","341","3","43","https://ai.fmcsa.dot.gov/SMS/Carrier/1453815/Overview.aspx"
"2903701","INTRANSIT LOGISTICS INC",,"CALEXICO","CA","3233253131","34","61","DriverFitness","1","275","14","45","https://ai.fmcsa.dot.gov/SMS/Carrier/2903701/Overview.aspx"
"2814323","NOOR TRANS INC",,"MERCED","CA","2095356088","19","19","DriverFitness","1","240","34","39","https://ai.fmcsa.dot.gov/SMS/Carrier/2814323/Overview.aspx"
"3088224","H B N TRUCKING INC",,"RIVERSIDE","CA","9519076078","42","45","DrugsAlcohol","1","232","15","44","https://ai.fmcsa.dot.gov/SMS/Carrier/3088224/Overview.aspx"
"2164251","TEDDY BEAR FRESH PRODUCE LLC",,"EASTON","MD","4108198205","38","49","DrugsAlcohol","1","229","7","9","https://ai.fmcsa.dot.gov/SMS/Carrier/2164251/Overview.aspx"
"1221360","MASCOW DISTRIBUTION LLC","MASCOW DISTRIBUTION","BURR RIDGE","IL","6303445115","31","31","HOS","1","176","11","32","https://ai.fmcsa.dot.gov/SMS/Carrier/1221360/Overview.aspx"
"3632283","ARMADA FREIGHT INC",,"LA GRANGE","IL","7087220826","34","34","DriverFitness","1","169","8","31","https://ai.fmcsa.dot.gov/SMS/Carrier/3632283/Overview.aspx"
"693784","JMJ EQUIPMENT TRANSPORT INC","JMJ EQUIPMENT","YUMA","AZ","9283298504","43","43","HOS","1","160","7","48","https://ai.fmcsa.dot.gov/SMS/Carrier/693784/Overview.aspx"
"1786774","DHAMI TRANSPORT INC",,"ROUND LAKE PARK","IL","8477528165","31","25","DriverFitness","1","158","5","23","https://ai.fmcsa.dot.gov/SMS/Carrier/1786774/Overview.aspx"
"4237073","ELEVATED LOGISTICS INC",,"FONTANA","CA","9093151671","30","42","DrugsAlcohol","1","158","28","28","https://ai.fmcsa.dot.gov/SMS/Carrier/4237073/Overview.aspx"
"3455199","DRAW EXPRESS INC",,"WOOD DALE","IL","8726661400","1","1","DriverFitness","1","156","15","38","https://ai.fmcsa.dot.gov/SMS/Carrier/3455199/Overview.aspx"
"2861531","SOUTHWEST FREIGHT INC",,"LEHI","UT","8016574561","20","23","DrugsAlcohol","1","155","14","50","https://ai.fmcsa.dot.gov/SMS/Carrier/2861531/Overview.aspx"
"3723087","SKG TRANSPORTATION INC",,"BAKERSFIELD","CA","6613781627","25","30","DriverFitness","1","147","34","35","https://ai.fmcsa.dot.gov/SMS/Carrier/3723087/Overview.aspx"
"2266357","JPS CARRIERS INC",,"MELROSE PARK","IL","7086891015","3","5","HOS","1","146","9","33","https://ai.fmcsa.dot.gov/SMS/Carrier/2266357/Overview.aspx"
"2641089","SHEFALI TOOR","TRIDENT LOGISTICS","SAN JOSE","CA","4084550526","19","19","DriverFitness","1","143","14","24","https://ai.fmcsa.dot.gov/SMS/Carrier/2641089/Overview.aspx"
"1511668","JESUS VALADEZ","VALA TRANSPORT","CALEXICO","CA","6862290828","8","9","DrugsAlcohol","1","139","8","35","https://ai.fmcsa.dot.gov/SMS/Carrier/1511668/Overview.aspx"
"3638520","PB07 LOGISTICS",,"EASTVALE","CA","8182139339","29","39","DrugsAlcohol","1","139","12","8","https://ai.fmcsa.dot.gov/SMS/Carrier/3638520/Overview.aspx"
"1644704","DIXIE EXPRESS LLC","DIXIE EXPRESS","WAYNESBORO","MS","6014108135","30","26","DrugsAlcohol","1","136","8","27","https://ai.fmcsa.dot.gov/SMS/Carrier/1644704/Overview.aspx"
"1323155","GS FREIGHT INC",,"FRESNO","CA","5592770417","25","42","DriverFitness","1","135","9","23","https://ai.fmcsa.dot.gov/SMS/Carrier/1323155/Overview.aspx"
"3731332","TIN USA LOGISTICS INC",,"LAREDO","TX","9562674319","15","20","DrugsAlcohol","1","128","12","29","https://ai.fmcsa.dot.gov/SMS/Carrier/3731332/Overview.aspx"
"3046719","RAPID AUTOS LLC",,"SACRAMENTO","CA","9166474474","20","9","DriverFitness","1","127","24","31","https://ai.fmcsa.dot.gov/SMS/Carrier/3046719/Overview.aspx"
"2524985","FRIENDLY FREIGHT INC",,"ONTARIO","CA","6263300025","15","19","HOS","1","126","4","35","https://ai.fmcsa.dot.gov/SMS/Carrier/2524985/Overview.aspx"
"4246768","YE SERVICES LLC",,"EDINBURG","TX","9563816969","22","14","DriverFitness","1","123","7","48","https://ai.fmcsa.dot.gov/SMS/Carrier/4246768/Overview.aspx"
"2101389","DANIEL TRUCKING INTERNATIONAL INC",,"BETTENDORF","IA","5632135690","1","1","VehicleMaint","1","122","0","16","https://ai.fmcsa.dot.gov/SMS/Carrier/2101389/Overview.aspx"
"126292","FRED JONES ENTERPRISES LLC",,"OKLAHOMA CITY","OK","4053504460","47","50","DriverFitness","1","120","4","12","https://ai.fmcsa.dot.gov/SMS/Carrier/126292/Overview.aspx"
"1566186","LEVARI TRUCKING COMPANY LLC",,"VINELAND","NJ","8566917772","35","20","VehicleMaint","1","117","5","16","https://ai.fmcsa.dot.gov/SMS/Carrier/1566186/Overview.aspx"
"2373769","LEOPARD USA CORPORATION DBA OCEAN KINGDOM",,"SWEDESBORO","NJ","8564672227","34","23","DriverFitness","1","117","34","26","https://ai.fmcsa.dot.gov/SMS/Carrier/2373769/Overview.aspx"
"3647170","J & I CASTILLO TRUCKING LLC",,"KEARNY","NJ","7187156306","11","11","DrugsAlcohol","1","116","10","38","https://ai.fmcsa.dot.gov/SMS/Carrier/3647170/Overview.aspx"
"2823264","EMCO TRANSPORTATION LLC",,"WATERLOO","IA","3192749909","39","29","DriverFitness","1","116","7","21","https://ai.fmcsa.dot.gov/SMS/Carrier/2823264/Overview.aspx"
"3144521","RUBEN A ENCINAS","EG LOGISTICS","CALEXICO","CA","4424327268","5","5","HOS","1","116","1","42","https://ai.fmcsa.dot.gov/SMS/Carrier/3144521/Overview.aspx"
"2482985","ED'S ENTERPRISE LIMITED LIABILITY COMPANY","EDS ENTERPRISE","PARAMUS","NJ","9738417070","1","1","HOS","1","115","12","29","https://ai.fmcsa.dot.gov/SMS/Carrier/2482985/Overview.aspx"
"3844486","KSTALLION INC",,"PHOENIX","AZ","6029806070","17","13","DriverFitness","1","111","9","17","https://ai.fmcsa.dot.gov/SMS/Carrier/3844486/Overview.aspx"
"4047329","BLACKSTONE EXCLUSIVE INC",,"CINCINNATI","OH","9048680660","48","150","VehicleMaint","1","110","6","22","https://ai.fmcsa.dot.gov/SMS/Carrier/4047329/Overview.aspx"
"3658248","E2M TRANSPORTATION INC",,"INDIANAPOLIS","IN","2676803162","10","10","DriverFitness","1","108","12","28","https://ai.fmcsa.dot.gov/SMS/Carrier/3658248/Overview.aspx"
"2976161","SHORELINE ENERGY SERVICES LLC",,"ODESSA","TX","3073149400","34","68","DriverFitness","1","108","13","47","https://ai.fmcsa.dot.gov/SMS/Carrier/2976161/Overview.aspx"
"2340662","CHASE CARRIER INC",,"SAN BERNARDINO","CA","9097261050","14","14","DrugsAlcohol","1","107","18","21","https://ai.fmcsa.dot.gov/SMS/Carrier/2340662/Overview.aspx"
"1837973","SOUTHBAY TRANSPORT INC",,"CALEXICO","CA","7606189226","1","1","DrugsAlcohol","1","103","1","20","https://ai.fmcsa.dot.gov/SMS/Carrier/1837973/Overview.aspx"
"354275","ALVEY TRANSPORT INC",,"CLEVELAND","TN","4237900842","35","30","DrugsAlcohol","1","103","6","14","https://ai.fmcsa.dot.gov/SMS/Carrier/354275/Overview.aspx"
"3798253","AUSTIN LOGISTICS LLC",,"PFLUGERVILLE","TX","4055494962","16","17","DrugsAlcohol","1","103","9","20","https://ai.fmcsa.dot.gov/SMS/Carrier/3798253/Overview.aspx"
"4074582","J&J TRUCK LINES LLC",,"FORT WORTH","TX","8172645535","12","17","DrugsAlcohol","1","102","7","22","https://ai.fmcsa.dot.gov/SMS/Carrier/4074582/Overview.aspx"
"2784371","SAVAND TRUCKING INC",,"WESTMINSTER","CA","7146124180","12","12","HOS","1","101","11","24","https://ai.fmcsa.dot.gov/SMS/Carrier/2784371/Overview.aspx"
"4002064","FALCON TRANSPORTS LLC",,"MINT HILL","NC","9804239960","29","30","HOS","1","101","19","13","https://ai.fmcsa.dot.gov/SMS/Carrier/4002064/Overview.aspx"
"2267245","A STERLING FREIGHT CARRIER INC",,"EASTVALE","CA","9514034906","12","12","DrugsAlcohol","1","100","21","16","https://ai.fmcsa.dot.gov/SMS/Carrier/2267245/Overview.aspx"
"971333","TORRES BROTHERS TRUCKING INC",,"DIXON","CA","7076931143","9","9","DriverFitness","1","98","5","29","https://ai.fmcsa.dot.gov/SMS/Carrier/971333/Overview.aspx"
"1444559","HIGHWAY FREIGHT SYSTEMS INC",,"EASTON","PA","6108651133","30","30","DrugsAlcohol","1","98","10","17","https://ai.fmcsa.dot.gov/SMS/Carrier/1444559/Overview.aspx"
"3026271","CISNEROS LOGISTICS LLC",,"EAGLE PASS","TX","2109807277","20","40","DriverFitness","1","95","18","13","https://ai.fmcsa.dot.gov/SMS/Carrier/3026271/Overview.aspx"
"3403508","ALAZRAQI FREIGHT LLC",,"DEARBORN","MI","4699540162","17","17","VehicleMaint","1","94","3","20","https://ai.fmcsa.dot.gov/SMS/Carrier/3403508/Overview.aspx"
"1929976","J & J HERNANDEZ INC",,"CHARLOTTE","NC","7042008798","40","32","DrugsAlcohol","1","94","9","24","https://ai.fmcsa.dot.gov/SMS/Carrier/1929976/Overview.aspx"
"2553881","GBT EXPRESS INC",,"RIVERSIDE","CA","9515002248","18","23","DrugsAlcohol","1","93","10","14","https://ai.fmcsa.dot.gov/SMS/Carrier/2553881/Overview.aspx"
"2255788","ERENDIRA BERENICE VAZQUEZ LOPEZ",,"IRAPUATO","GJ","4626215902","19","18","DrugsAlcohol","1","90","26","13","https://ai.fmcsa.dot.gov/SMS/Carrier/2255788/Overview.aspx"
"3555608","EPIC LOGISTICS INC",,"WEST LAFAYETTE","IN","7655865417","31","53","DrugsAlcohol","1","90","6","6","https://ai.fmcsa.dot.gov/SMS/Carrier/3555608/Overview.aspx"
"3783198","TAYLOR AND TAYLOR TRANSPORT LLC",,"AKRON","OH","3305724373","30","30","DrugsAlcohol","1","90","7","11","https://ai.fmcsa.dot.gov/SMS/Carrier/3783198/Overview.aspx"
"2262701","JALWO TRUCKING LLC",,"SHAKOPEE","MN","6129643333","1","1","HOS","1","89","2","21","https://ai.fmcsa.dot.gov/SMS/Carrier/2262701/Overview.aspx"
"2458954","MSP STAR TRANSPORTATION INC",,"SAINT PAUL","MN","16514170295","20","20","DrugsAlcohol","1","88","6","18","https://ai.fmcsa.dot.gov/SMS/Carrier/2458954/Overview.aspx"
"2579162","TEXAS TAMIL TRANSPORT LLC",,"FORT WORTH","TX","8172666006","15","11","HOS","1","87","10","31","https://ai.fmcsa.dot.gov/SMS/Carrier/2579162/Overview.aspx"
"3240872","DODO CARGO INC",,"MUNDELEIN","IL","2243479697","15","15","DriverFitness","1","87","7","9","https://ai.fmcsa.dot.gov/SMS/Carrier/3240872/Overview.aspx"
"3169879","ZEE LOGISTICS INC",,"DALLAS","TX","2026297541","29","29","VehicleMaint","1","86","7","15","https://ai.fmcsa.dot.gov/SMS/Carrier/3169879/Overview.aspx"
"2263299","NATION EXPRESS LLC",,"DEARBORN","MI","3134360411","34","36","HOS","1","83","6","15","https://ai.fmcsa.dot.gov/SMS/Carrier/2263299/Overview.aspx"
"1809196","DAT TRANSPORTATION LLC","DAT TRANSPORTATION","THE COLONY","TX","2145077912","25","26","DriverFitness","1","81","8","17","https://ai.fmcsa.dot.gov/SMS/Carrier/1809196/Overview.aspx"
"3424190","DUSKY SOLUTIONS LLC",,"LILBURN","GA","4045198003","25","15","DrugsAlcohol","1","81","6","7","https://ai.fmcsa.dot.gov/SMS/Carrier/3424190/Overview.aspx"
"3228724","SWEET SEASONS MARYLAND LLC",,"HANOVER","MD","4438420276","27","21","DrugsAlcohol","1","81","16","8","https://ai.fmcsa.dot.gov/SMS/Carrier/3228724/Overview.aspx"
"4261239","GEO-USA CORP",,"FAIRLESS HILLS","PA","8622287899","4","10","DriverFitness","1","81","17","10","https://ai.fmcsa.dot.gov/SMS/Carrier/4261239/Overview.aspx"
"3051646","NEW DESTINY MOVING SERVICES LLC","CROSS COUNTRY LONG DISTANCE MOVERS","BLOOMFIELD","NJ","9738144236","13","13","HOS","1","81","53","10","https://ai.fmcsa.dot.gov/SMS/Carrier/3051646/Overview.aspx"
"4192200","ARIZONA FUEL LLC",,"NOGALES","AZ","8064013159","1","1","DrugsAlcohol","1","80","11","25","https://ai.fmcsa.dot.gov/SMS/Carrier/4192200/Overview.aspx"
"3283407","K&B TRANS CARRIER INC",,"BAKERSFIELD","CA","6615497859","14","27","DriverFitness","1","80","11","14","https://ai.fmcsa.dot.gov/SMS/Carrier/3283407/Overview.aspx"
"1834846","GARZA & SONS TRANSPORT INC","MAURICIO GARZA","SAN DIEGO","CA","6193616803","14","13","DrugsAlcohol","1","79","12","18","https://ai.fmcsa.dot.gov/SMS/Carrier/1834846/Overview.aspx"
"3484529","TRANSMIR CORP",,"WILSONVILLE","OR","8882062060","12","14","DrugsAlcohol","1","78","9","22","https://ai.fmcsa.dot.gov/SMS/Carrier/3484529/Overview.aspx"
"3972168","TRANSCARGO LOADGISTICS LLC",,"EAGLE PASS","TX","8305137518","20","22","DriverFitness","1","77","2","18","https://ai.fmcsa.dot.gov/SMS/Carrier/3972168/Overview.aspx"
"2942718","CJM EXPRESS INC",,"HOMESTEAD","FL","7865356009","32","32","DrugsAlcohol","1","76","7","13","https://ai.fmcsa.dot.gov/SMS/Carrier/2942718/Overview.aspx"
"2978440","AVILA'S TRUCKING LLC",,"MORENO VALLEY","CA","9514391306","16","11","HOS","1","75","6","7","https://ai.fmcsa.dot.gov/SMS/Carrier/2978440/Overview.aspx"
"2387697","KLM TRANS INC",,"BEDFORD PARK","IL","7088438299","6","11","DrugsAlcohol","1","75","11","11","https://ai.fmcsa.dot.gov/SMS/Carrier/2387697/Overview.aspx"
"3456679","R&R EXPRESS LLC",,"BALTIMORE","MD","7034776335","9","7","VehicleMaint","1","72","6","14","https://ai.fmcsa.dot.gov/SMS/Carrier/3456679/Overview.aspx"
"3877049","NIMANI CORPORATION",,"TOWNSEND","DE","9295458324","6","3","HOS","1","70","12","7","https://ai.fmcsa.dot.gov/SMS/Carrier/3877049/Overview.aspx"
"3042983","MICAR EXPRESS LLC",,"BROWNSVILLE","TX","9566215600","13","11","DriverFitness","1","70","10","22","https://ai.fmcsa.dot.gov/SMS/Carrier/3042983/Overview.aspx"
"4111363","AVIS TRANSPORTATION INC",,"CHICAGO","IL","7733210444","31","31","DriverFitness","1","69","2","4","https://ai.fmcsa.dot.gov/SMS/Carrier/4111363/Overview.aspx"
"3968197","MONTOBBIO EXPRESS INC",,"EDISON","NJ","7188136800","1","2","DrugsAlcohol","1","68","14","13","https://ai.fmcsa.dot.gov/SMS/Carrier/3968197/Overview.aspx"
"2575007","HERO TRUCK LINE INC",,"FRESNO","CA","8886629946","20","20","DrugsAlcohol","1","66","5","8","https://ai.fmcsa.dot.gov/SMS/Carrier/2575007/Overview.aspx"
"3570842","READY 2 PICKUP LLC",,"PRINCETON","TX","7174228582","18","12","DrugsAlcohol","1","65","3","18","https://ai.fmcsa.dot.gov/SMS/Carrier/3570842/Overview.aspx"
"4057403","THE JUST TRANSPORT COMPANY INC","JUST TRANSPORT","MANTECA","CA","2094830278","6","7","DrugsAlcohol","1","65","3","7","https://ai.fmcsa.dot.gov/SMS/Carrier/4057403/Overview.aspx"
"4089313","EAGLES LOGISTICS LLC",,"SALT LAKE CITY","UT","8049281471","13","20","DrugsAlcohol","1","65","11","10","https://ai.fmcsa.dot.gov/SMS/Carrier/4089313/Overview.aspx"
"1885058","RICKY SELLERS TRUCKING LLC",,"LINDEN","AL","3342126030","15","15","HOS","1","62","13","7","https://ai.fmcsa.dot.gov/SMS/Carrier/1885058/Overview.aspx"
"3375575","GOLDEN EXPEDITING LLC",,"SAPULPA","OK","9186062678","21","18","HOS","1","61","2","19","https://ai.fmcsa.dot.gov/SMS/Carrier/3375575/Overview.aspx"
"4124979","GTO WATERBOY LOGISTICS LLC",,"KATY","TX","8326432516","2","2","HOS","1","61","6","9","https://ai.fmcsa.dot.gov/SMS/Carrier/4124979/Overview.aspx"
"1924538","CENTURY WASTE SERVICES LLC",,"ELIZABETH","NJ","9085589540","43","49","DrugsAlcohol","1","60","4","17","https://ai.fmcsa.dot.gov/SMS/Carrier/1924538/Overview.aspx"
"328402","FITCH TRUCKING INC",,"BENNET","NE","4027822760","48","33","DriverFitness","1","60","0","3","https://ai.fmcsa.dot.gov/SMS/Carrier/328402/Overview.aspx"
"2642590","TEX-Q EXPRESS INC",,"HOUSTON","TX","8324879671","19","19","DriverFitness","1","59","10","19","https://ai.fmcsa.dot.gov/SMS/Carrier/2642590/Overview.aspx"
"647008","MARTIN TRANSPORTATION COMPANY",,"WHITE CITY","OR","5418265277","18","18","VehicleMaint","1","58","0","11","https://ai.fmcsa.dot.gov/SMS/Carrier/647008/Overview.aspx"
"4026679","7X UNITED TRANSPORTATION",,"LA PUENTE","CA","9097883973","3","3","DrugsAlcohol","1","58","4","19","https://ai.fmcsa.dot.gov/SMS/Carrier/4026679/Overview.aspx"
"430203","JAYHAWK ENTERPRISES INC","PUGET SOUND TRANSFER & STORAGE PUGET SOUND EXCURSIONS","PORT ANGELES","WA","3604522327","32","27","DriverFitness","1","57","0","7","https://ai.fmcsa.dot.gov/SMS/Carrier/430203/Overview.aspx"
"3330467","MID GROUP LOGISTICS INC",,"VALPARAISO","IN","7085712300","23","48","DriverFitness","1","57","3","11","https://ai.fmcsa.dot.gov/SMS/Carrier/3330467/Overview.aspx"
"581930","SCREAMLINE INVESTMENT CORPORATION","TOUR COACH","COMMERCE","CA","3232010115","15","33","DrugsAlcohol","1","57","1","9","https://ai.fmcsa.dot.gov/SMS/Carrier/581930/Overview.aspx"
"3690115","6J TRUCKING LLC",,"READING","PA","3474398491","1","1","DrugsAlcohol","1","56","12","18","https://ai.fmcsa.dot.gov/SMS/Carrier/3690115/Overview.aspx"
"438354","LUX BROTHERS INC",,"HUBBARD","NE","4026324595","36","24","DrugsAlcohol","1","56","0","5","https://ai.fmcsa.dot.gov/SMS/Carrier/438354/Overview.aspx"
"3185763","FAST CARRIERS INC",,"BRAMPTON","ON","6479920175","36","36","UnsafeDriving","1","55","7","10","https://ai.fmcsa.dot.gov/SMS/Carrier/3185763/Overview.aspx"
"3779632","DNM TRANSPORT LLC",,"RICHARDSON","TX","9452141188","10","18","HOS","1","55","4","16","https://ai.fmcsa.dot.gov/SMS/Carrier/3779632/Overview.aspx"
"2512940","SILVER CITY EXPRESS LLC",,"ST LOUIS","MO","3146778861","14","13","DriverFitness","1","54","3","16","https://ai.fmcsa.dot.gov/SMS/Carrier/2512940/Overview.aspx"
"831109","BRITTANY'S TOTE & TANK CLEANING SERVICES LLC","MC TANK LINES","SCHERERVILLE","IN","2198659991","36","32","DrugsAlcohol","1","54","2","9","https://ai.fmcsa.dot.gov/SMS/Carrier/831109/Overview.aspx"
"3343144","KCN LOGISTICS LLC",,"CANUTILLO","TX","9159793320","9","8","DrugsAlcohol","1","53","6","10","https://ai.fmcsa.dot.gov/SMS/Carrier/3343144/Overview.aspx"
"90372","C D C DISTRIBUTORS INC",,"CINCINNATI","OH","18006782321","24","24","DrugsAlcohol","1","53","0","5","https://ai.fmcsa.dot.gov/SMS/Carrier/90372/Overview.aspx"
"639468","MRK INC",,"LEXINGTON","NE","3083245790","38","29","HOS","1","53","1","7","https://ai.fmcsa.dot.gov/SMS/Carrier/639468/Overview.aspx"
"4082523","DC GEMS CORP",,"JURUPA VALLEY","CA","9513687511","15","14","HOS","1","53","29","13","https://ai.fmcsa.dot.gov/SMS/Carrier/4082523/Overview.aspx"
"3955251","VENTURE CAPITAL TRUCKING LLC",,"BROOKSHIRE","TX","3052009545","10","4","HOS","1","53","14","19","https://ai.fmcsa.dot.gov/SMS/Carrier/3955251/Overview.aspx"
"3295886","D7 TRANSPORT LLC",,"EL PASO","TX","9152615595","18","19","HOS","1","53","29","13","https://ai.fmcsa.dot.gov/SMS/Carrier/3295886/Overview.aspx"
"2636669","EAGLE CARRIERS INC",,"MANSFIELD","TX","8174767028","8","4","DriverFitness","1","52","13","9","https://ai.fmcsa.dot.gov/SMS/Carrier/2636669/Overview.aspx"
"3790654","1611 TRANSPORTATION INC",,"WEST BRIDGEWATER","MA","9784014999","1","1","HOS","1","52","27","23","https://ai.fmcsa.dot.gov/SMS/Carrier/3790654/Overview.aspx"
"2860509","MAX SERVICES CORP",,"RAHWAY","NJ","3476627453","11","9","DrugsAlcohol","1","51","9","15","https://ai.fmcsa.dot.gov/SMS/Carrier/2860509/Overview.aspx"
"2864614","WINDY CITY WEST LLC",,"PHEONIX","AZ","6236884449","28","27","DriverFitness","1","51","30","18","https://ai.fmcsa.dot.gov/SMS/Carrier/2864614/Overview.aspx"
"2950130","BLACK & BLUE TRANSPORT LLC",,"GARDNER","KS","9134243445","15","15","HOS","1","51","4","8","https://ai.fmcsa.dot.gov/SMS/Carrier/2950130/Overview.aspx"
"2282697","CAPITAL INSTINCT INCORPORATED","TRANSLOG MANAGEMENT INCORPORATED","FOREST PARK","GA","8555676883","18","13","HOS","1","51","5","16","https://ai.fmcsa.dot.gov/SMS/Carrier/2282697/Overview.aspx"
"3546662","BHULLAR FREIGHTWAYS INC",,"FONTANA","CA","6015000524","2","4","DriverFitness","1","50","9","10","https://ai.fmcsa.dot.gov/SMS/Carrier/3546662/Overview.aspx"
"4211430","TMG INTERNATIONAL LLC",,"LAREDO","TX","9562207807","16","16","DriverFitness","1","50","17","16","https://ai.fmcsa.dot.gov/SMS/Carrier/4211430/Overview.aspx"
"4084564","OPTICAL SPRINT EXPRESS LLC",,"CINCINNATI","OH","5139520798","3","4","HOS","1","50","21","3","https://ai.fmcsa.dot.gov/SMS/Carrier/4084564/Overview.aspx"
"3296644","CHEEMA TRANSPORTATION LLC","CHEEMA","STERLING","VA","5715249723","17","20","DriverFitness","1","50","5","7","https://ai.fmcsa.dot.gov/SMS/Carrier/3296644/Overview.aspx"
"3186961","GRAND ONE LLC",,"WEST CHESTER","OH","5136534282","19","16","DrugsAlcohol","1","50","2","12","https://ai.fmcsa.dot.gov/SMS/Carrier/3186961/Overview.aspx"
"3867706","AVILATEX LLC",,"HOCKLEY","TX","3464128992","7","7","UnsafeDriving","1","50","12","7","https://ai.fmcsa.dot.gov/SMS/Carrier/3867706/Overview.aspx"
"3036941","CBUS FREIGHT INC",,"COLUMBUS","OH","6145913000","12","12","DrugsAlcohol","1","50","3","7","https://ai.fmcsa.dot.gov/SMS/Carrier/3036941/Overview.aspx"
"2368897","PLAINS TOWING AND RECOVERY LLC","PLAINS TOWING AND RECOVERY","BELLE FOURCHE","SD","6058923712","25","13","DriverFitness","1","49","2","2","https://ai.fmcsa.dot.gov/SMS/Carrier/2368897/Overview.aspx"
"3722389","LEFT LANE MAFIA LLC",,"EDMOND","OK","7162557883","20","7","DriverFitness","1","49","5","8","https://ai.fmcsa.dot.gov/SMS/Carrier/3722389/Overview.aspx"
"2997162","EXPEDITE TRANSPORT LLC",,"SAN BERNARDINO","CA","8009734849","12","9","DrugsAlcohol","1","49","4","10","https://ai.fmcsa.dot.gov/SMS/Carrier/2997162/Overview.aspx"
"3245971","HAUL OF DUTY INC",,"LEVITTOWN","PA","6465966118","22","20","DrugsAlcohol","1","49","2","8","https://ai.fmcsa.dot.gov/SMS/Carrier/3245971/Overview.aspx"
"3380647","Y & M TRANSPORT LLC",,"GRAND ISLAND","NE","3082278222","17","14","HOS","1","48","6","11","https://ai.fmcsa.dot.gov/SMS/Carrier/3380647/Overview.aspx"
"3189945","GREAT TRANSPORTATION INC",,"EAST DUNDEE","IL","2242019959","4","4","VehicleMaint","1","48","0","9","https://ai.fmcsa.dot.gov/SMS/Carrier/3189945/Overview.aspx"
"3495024","WMK TRANSPORT INC",,"FONTANA","CA","9294131787","22","22","DrugsAlcohol","1","48","6","8","https://ai.fmcsa.dot.gov/SMS/Carrier/3495024/Overview.aspx"
"3891642","CNP TRANSPORTATION LLC",,"LAREDO","TX","9569620731","21","19","DriverFitness","1","48","15","10","https://ai.fmcsa.dot.gov/SMS/Carrier/3891642/Overview.aspx"
"3637086","TANJET LOGISTICS LLC",,"FATE","TX","2543276419","17","17","DriverFitness","1","48","3","16","https://ai.fmcsa.dot.gov/SMS/Carrier/3637086/Overview.aspx"
"349271","GETAWAY TOURS INC",,"MILAN","MI","7349946666","16","38","DriverFitness","1","47","1","3","https://ai.fmcsa.dot.gov/SMS/Carrier/349271/Overview.aspx"
"3619604","RANGE X TRANS LLC",,"AUBURN","WA","4256107534","10","6","UnsafeDriving","1","47","5","6","https://ai.fmcsa.dot.gov/SMS/Carrier/3619604/Overview.aspx"
"2300695","KHERA TRANSPORT LLC",,"CYPRESS","TX","7139001990","11","11","HOS","1","47","5","6","https://ai.fmcsa.dot.gov/SMS/Carrier/2300695/Overview.aspx"
"3255368","RT LOGISTICS CORP",,"PARAMUS","NJ","9173312964","13","12","DrugsAlcohol","1","46","11","14","https://ai.fmcsa.dot.gov/SMS/Carrier/3255368/Overview.aspx"
"4294623","D&D TRANSPORTATION SERVICES CO LLC",,"KATY","TX","8329517280","14","10","DriverFitness","1","46","29","11","https://ai.fmcsa.dot.gov/SMS/Carrier/4294623/Overview.aspx"
"3367702","AMAYA TRUCKING INC",,"HOUSTON","TX","2819726006","12","19","DriverFitness","1","46","7","9","https://ai.fmcsa.dot.gov/SMS/Carrier/3367702/Overview.aspx"
"2967160","HP TRANSPORT LLC",,"DODGE CITY","KS","6204303550","18","18","HOS","1","45","3","4","https://ai.fmcsa.dot.gov/SMS/Carrier/2967160/Overview.aspx"
"4235021","DDL LOGISTICS LLC",,"ORLANDO","FL","4696578180","2","2","HOS","1","45","27","16","https://ai.fmcsa.dot.gov/SMS/Carrier/4235021/Overview.aspx"
"4164935","SIDH EXPRESS INC",,"FONTANA","CA","9096424725","4","5","DrugsAlcohol","1","45","3","13","https://ai.fmcsa.dot.gov/SMS/Carrier/4164935/Overview.aspx"
"2835714","DELROD TRUCKING LLC",,"EL PASO","TX","9152349602","15","14","HOS","1","45","1","7","https://ai.fmcsa.dot.gov/SMS/Carrier/2835714/Overview.aspx"
"758686","S & H TRUCKING INC",,"CHATTANOOGA","TN","4236485355","23","21","DrugsAlcohol","1","45","3","3","https://ai.fmcsa.dot.gov/SMS/Carrier/758686/Overview.aspx"
"1401488","ROCK TECH INC",,"WEST BABYLON","NY","6312932305","23","10","HOS","1","45","3","10","https://ai.fmcsa.dot.gov/SMS/Carrier/1401488/Overview.aspx"
"3391852","MNS LOGISTICS INC",,"MAINEVILLE","OH","13478829498","15","15","DrugsAlcohol","1","44","4","4","https://ai.fmcsa.dot.gov/SMS/Carrier/3391852/Overview.aspx"
"3954295","DIPLO COMPACTOR LLC",,"TACOMA","WA","3609658820","7","5","UnsafeDriving","1","44","8","7","https://ai.fmcsa.dot.gov/SMS/Carrier/3954295/Overview.aspx"
"2097651","SIA TRANSPORT LLC","SIA INTERMODAL","KANSAS CITY","MO","18008059159","18","18","DrugsAlcohol","1","44","3","10","https://ai.fmcsa.dot.gov/SMS/Carrier/2097651/Overview.aspx"
"4059499","TJPF TRUCKING INC",,"CITY OF INDUSTRY","CA","6079888888","5","7","DrugsAlcohol","1","43","17","10","https://ai.fmcsa.dot.gov/SMS/Carrier/4059499/Overview.aspx"
"3797523","RMK TRANSPORTATION INC",,"MIDDLE VILLAGE","NY","7185020020","4","4","DriverFitness","1","43","6","7","https://ai.fmcsa.dot.gov/SMS/Carrier/3797523/Overview.aspx"
"1652764","ZVJEZDAN ZIVKOVIC","IOWA CARRIERS","GRANGER","IA","5152571772","24","16","DriverFitness","1","43","5","6","https://ai.fmcsa.dot.gov/SMS/Carrier/1652764/Overview.aspx"
"3022306","BEYOND HORIZONS TOUR & TRAVEL LLC","BEYOND HORIZONS TOUR & TRAVEL","MT PLEASANT","MI","9897707077","16","25","DriverFitness","1","43","2","3","https://ai.fmcsa.dot.gov/SMS/Carrier/3022306/Overview.aspx"
"3319046","HENRY BROS LOGISTICS LLC",,"CASPER","WY","3073512138","28","34","DrugsAlcohol","1","43","4","11","https://ai.fmcsa.dot.gov/SMS/Carrier/3319046/Overview.aspx"
"617509","GRAND ISLE SHIPYARD LLC",,"GALLIANO","LA","9854755238","45","22","DriverFitness","1","43","1","11","https://ai.fmcsa.dot.gov/SMS/Carrier/617509/Overview.aspx"
"4059664","BEST TRUCK TO GO LLC",,"ORLANDO","FL","7867211852","2","2","HOS","1","43","14","17","https://ai.fmcsa.dot.gov/SMS/Carrier/4059664/Overview.aspx"
"3417409","EGC MATERIALS PLACEMENT INC",,"CHARLOTTE","NC","7047561971","16","10","DrugsAlcohol","1","42","9","11","https://ai.fmcsa.dot.gov/SMS/Carrier/3417409/Overview.aspx"
"4188110","RGN TRUCKING LLC",,"WHEATON","IL","6305044943","24","24","UnsafeDriving","1","42","2","5","https://ai.fmcsa.dot.gov/SMS/Carrier/4188110/Overview.aspx"
"3299214","LOGISTIX SERVICES INC",,"SOUTH BEND","IN","5742136631","10","9","VehicleMaint","1","42","2","9","https://ai.fmcsa.dot.gov/SMS/Carrier/3299214/Overview.aspx"
"829577","UW PROVISION TRANSFER LLC","UW PROVISION TRANSFER","MIDDLETON","WI","6088367421","35","40","DriverFitness","1","42","3","0","https://ai.fmcsa.dot.gov/SMS/Carrier/829577/Overview.aspx"
"2458249","BHF LOGISTICS INC",,"EAST HARTFORD","CT","8602593154","13","18","DrugsAlcohol","1","42","7","3","https://ai.fmcsa.dot.gov/SMS/Carrier/2458249/Overview.aspx"
"3358876","ELITE EXPRESS LLC",,"RICHARDSON","TX","2148129753","9","8","DrugsAlcohol","1","42","3","8","https://ai.fmcsa.dot.gov/SMS/Carrier/3358876/Overview.aspx"
"3841366","RUSHAUTO SERVICE INC",,"MARLBORO","NJ","9175003962","4","4","DriverFitness","1","41","7","3","https://ai.fmcsa.dot.gov/SMS/Carrier/3841366/Overview.aspx"
"3610431","SAN JAVIER TRANSPORT LLC",,"SAN JUAN","TX","9567775548","14","14","HOS","1","41","18","5","https://ai.fmcsa.dot.gov/SMS/Carrier/3610431/Overview.aspx"
"3979326","RANB INC",,"PLAINFIELD","IN","9362529094","15","27","HOS","1","41","4","10","https://ai.fmcsa.dot.gov/SMS/Carrier/3979326/Overview.aspx"
"3653484","DIAMOND TRUCKS INC",,"MANTECA","CA","4085159381","32","28","DriverFitness","1","41","7","1","https://ai.fmcsa.dot.gov/SMS/Carrier/3653484/Overview.aspx"
"4027414","HARWIN TRANSPORT LLC",,"TACOMA","WA","5179361010","7","7","HOS","1","41","3","9","https://ai.fmcsa.dot.gov/SMS/Carrier/4027414/Overview.aspx"
"3710984","BRAR 05 TRANSPORT INC",,"FRANKLIN","WI","2622348217","12","15","DriverFitness","1","41","2","3","https://ai.fmcsa.dot.gov/SMS/Carrier/3710984/Overview.aspx"
"3960177","ALPHA & CO TRANSPORTATION LLC",,"HOUSTON","TX","3465203810","3","3","HOS","1","40","10","8","https://ai.fmcsa.dot.gov/SMS/Carrier/3960177/Overview.aspx"
"3228026","UNION AUTO TOWING INC","UNION AUTO NB","NEW BEDFORD","MA","7747700869","10","9","DriverFitness","1","40","3","10","https://ai.fmcsa.dot.gov/SMS/Carrier/3228026/Overview.aspx"
"3820389","J CALI TRANSPORTATION INC",,"SHELBY TOWNSHIP","MI","5867850908","10","10","DrugsAlcohol","1","40","11","9","https://ai.fmcsa.dot.gov/SMS/Carrier/3820389/Overview.aspx"
"4159435","TC TRANSPORTATION LLC",,"FORT LEE","NJ","8622819092","6","6","DriverFitness","1","40","17","6","https://ai.fmcsa.dot.gov/SMS/Carrier/4159435/Overview.aspx"
"4210678","TOPGEAR TRANSPORTATION LLC",,"PARMA HTS","OH","6469189188","2","2","DrugsAlcohol","1","39","3","2","https://ai.fmcsa.dot.gov/SMS/Carrier/4210678/Overview.aspx"
"4035797","CHANG AN TRUCKING INC",,"ROWLAND HEIGHTS","CA","9259632298","4","4","HOS","1","39","10","13","https://ai.fmcsa.dot.gov/SMS/Carrier/4035797/Overview.aspx"
"2205212","KONIX LOGISTICS LLC",,"GLENDALE","AZ","6235214305","8","8","DrugsAlcohol","1","39","1","1","https://ai.fmcsa.dot.gov/SMS/Carrier/2205212/Overview.aspx"
"542918","D & J ENTERPRISES INC",,"AUBURN","AL","3348211249","47","33","DrugsAlcohol","1","39","1","7","https://ai.fmcsa.dot.gov/SMS/Carrier/542918/Overview.aspx"
"2402885","V & E TRANSPORT LLC",,"RAHWAY","NJ","8622412508","6","6","DrugsAlcohol","1","38","0","8","https://ai.fmcsa.dot.gov/SMS/Carrier/2402885/Overview.aspx"
"3727549","M&MC TRUCKING LLC",,"EL CAMPO","TX","7865689211","2","1","HOS","1","38","9","11","https://ai.fmcsa.dot.gov/SMS/Carrier/3727549/Overview.aspx"
"2360431","ULTIMATE FREIGHTWAYS LLC",,"MILWAUKEE","WI","4147699778","35","31","DriverFitness","1","38","1","9","https://ai.fmcsa.dot.gov/SMS/Carrier/2360431/Overview.aspx"
"1662229","AMBASSADOR TRANSPORT INC",,"DEARBORN","MI","3135848513","12","8","HOS","1","38","2","9","https://ai.fmcsa.dot.gov/SMS/Carrier/1662229/Overview.aspx"
"3759002","SLV ENTERPRISES LLC",,"FLEMING ISLAND","FL","9736996261","22","78","DriverFitness","1","38","5","10","https://ai.fmcsa.dot.gov/SMS/Carrier/3759002/Overview.aspx"
"2643203","ROADFLEET CARRIER SERVICES INC",,"PHOENIX","AZ","6024919112","16","18","HOS","1","38","4","11","https://ai.fmcsa.dot.gov/SMS/Carrier/2643203/Overview.aspx"
"2941509","JAGAR TRUCKING INC",,"HOUSTON","TX","2817133845","7","8","DrugsAlcohol","1","37","2","6","https://ai.fmcsa.dot.gov/SMS/Carrier/2941509/Overview.aspx"
"3572290","GGS CARRIER INC",,"MANTECA","CA","2094703335","12","18","UnsafeDriving","1","37","3","3","https://ai.fmcsa.dot.gov/SMS/Carrier/3572290/Overview.aspx"
"2951556","CAROLINA CONCRETE RM LLC",,"ZEBULON","NC","9193755064","24","19","DrugsAlcohol","1","37","3","1","https://ai.fmcsa.dot.gov/SMS/Carrier/2951556/Overview.aspx"
"4316621","ATI CARRIERS LLC",,"BOLINGBROOK","IL","6307034898","2","2","DrugsAlcohol","1","37","16","17","https://ai.fmcsa.dot.gov/SMS/Carrier/4316621/Overview.aspx"
"2316171","CHASE TRANSPORT GROUP LLC",,"DETROIT","MI","3139630300","17","14","HOS","1","36","1","8","https://ai.fmcsa.dot.gov/SMS/Carrier/2316171/Overview.aspx"
"2866642","WHITE HAWK CARRIERS INC","WHITE HAWK","CERES","CA","2095052615","8","15","UnsafeDriving","1","36","4","7","https://ai.fmcsa.dot.gov/SMS/Carrier/2866642/Overview.aspx"
"2282549","KEVIN BABLER TRUCKING LLC",,"SOUTH WAYNE","WI","6082147572","24","17","DriverFitness","1","36","0","2","https://ai.fmcsa.dot.gov/SMS/Carrier/2282549/Overview.aspx"
"4245966","ANNIC LOGISTICS LLC",,"WAKE FOREST","NC","9194958575","5","10","HOS","1","36","11","3","https://ai.fmcsa.dot.gov/SMS/Carrier/4245966/Overview.aspx"
"4009284","OJEDA TRANSPORT LOGISTICS LLC",,"MONTCLAIR","CA","9092268499","8","8","DrugsAlcohol","1","36","7","8","https://ai.fmcsa.dot.gov/SMS/Carrier/4009284/Overview.aspx"
"3061492","YUMMY TRANSPORT LLC",,"MESQUITE","TX","4699880343","24","24","HOS","1","36","14","5","https://ai.fmcsa.dot.gov/SMS/Carrier/3061492/Overview.aspx"
"4190605","D E LATS TRUCKING LLC",,"BROKEN ARROW","OK","9184181652","3","4","DriverFitness","1","36","3","7","https://ai.fmcsa.dot.gov/SMS/Carrier/4190605/Overview.aspx"
"3670419","DELLET FERRER HOTSHOT LLC",,"CONROE","TX","8324310037","2","1","DrugsAlcohol","1","36","11","6","https://ai.fmcsa.dot.gov/SMS/Carrier/3670419/Overview.aspx"
"4274884","KASH TRUCKLINE LLC",,"GREENWOOD","IN","9296661130","8","12","DrugsAlcohol","1","35","4","6","https://ai.fmcsa.dot.gov/SMS/Carrier/4274884/Overview.aspx"
"2357390","BRENKE LOGISTICS LLC",,"PHOENIX","AZ","6026753375","15","22","DrugsAlcohol","1","35","10","3","https://ai.fmcsa.dot.gov/SMS/Carrier/2357390/Overview.aspx"
"1644963","TURNER SERVICES LLC",,"CHATOM","AL","2512427139","13","10","DrugsAlcohol","1","35","1","12","https://ai.fmcsa.dot.gov/SMS/Carrier/1644963/Overview.aspx"
"3666442","MEDRANO EXPRESS LIMITED LIABILITY COMPANY",,"MILLERSVILLE","MD","4439367905","3","3","VehicleMaint","1","35","0","8","https://ai.fmcsa.dot.gov/SMS/Carrier/3666442/Overview.aspx"
"4012781","MERCY TRANSPORT SERVICES INC",,"MIAMI","FL","3056061479","8","4","HOS","1","35","12","8","https://ai.fmcsa.dot.gov/SMS/Carrier/4012781/Overview.aspx"
"1483402","FARM TRANSPORT LLC",,"MARION","OH","7403862940","42","35","DrugsAlcohol","1","35","0","4","https://ai.fmcsa.dot.gov/SMS/Carrier/1483402/Overview.aspx"
"1497407","OLYMPUS LIMO INC",,"NEW PORT RICHEY","FL","7278423522","22","42","DrugsAlcohol","1","35","0","0","https://ai.fmcsa.dot.gov/SMS/Carrier/1497407/Overview.aspx"
"1585698","SAND CREEK TRANSPORT LLC",,"SHELLEY","ID","2085216215","8","6","DrugsAlcohol","1","35","13","4","https://ai.fmcsa.dot.gov/SMS/Carrier/1585698/Overview.aspx"
"2828439","TIGER TRANSPORT LLC",,"RIVER FALLS","WI","6127098525","16","18","DriverFitness","1","34","1","5","https://ai.fmcsa.dot.gov/SMS/Carrier/2828439/Overview.aspx"
"2579697","ABD LOGISTICS INC",,"RIVERSIDE","CA","9514276914","5","4","HOS","1","34","7","11","https://ai.fmcsa.dot.gov/SMS/Carrier/2579697/Overview.aspx"
"4119253","NORTH TO SOUTH TRANSPORT LLC",,"GREENSBORO","NC","3477765337","2","2","HOS","1","34","17","7","https://ai.fmcsa.dot.gov/SMS/Carrier/4119253/Overview.aspx"
"2455989","LUIS HUMBERTO GONZALEZ AGUIRRE",,"LEON","GJ","4772220215","12","7","DrugsAlcohol","1","34","14","8","https://ai.fmcsa.dot.gov/SMS/Carrier/2455989/Overview.aspx"
"2048448","CALI INTERNATIONAL TRANSPORT INC",,"BUFORD","GA","6263466785","2","2","HOS","1","34","3","6","https://ai.fmcsa.dot.gov/SMS/Carrier/2048448/Overview.aspx"
"2547601","ASTON TRANSPORT LLC",,"METAIRIE","LA","5042581222","15","18","DrugsAlcohol","1","34","1","1","https://ai.fmcsa.dot.gov/SMS/Carrier/2547601/Overview.aspx"
"4020716","PROFESSIONAL FULFILLMENT LOGISTICS INC",,"CITY OF INDUSTRY","CA","4055888999","5","5","DrugsAlcohol","1","34","11","9","https://ai.fmcsa.dot.gov/SMS/Carrier/4020716/Overview.aspx"
"4086667","KRISHNAM TRUCKING INC",,"JURUPA VALLEY","CA","5625155151","9","9","DrugsAlcohol","1","34","4","11","https://ai.fmcsa.dot.gov/SMS/Carrier/4086667/Overview.aspx"
"3475211","VIP TRANSPORT LLC",,"ROCKVILLE","MD","2407019359","3","3","HOS","1","34","4","12","https://ai.fmcsa.dot.gov/SMS/Carrier/3475211/Overview.aspx"
"4233564","BW NORTH TRUCK LLC",,"DENVER","CO","7208317987","4","2","HOS","1","34","16","9","https://ai.fmcsa.dot.gov/SMS/Carrier/4233564/Overview.aspx"
"3416508","WHF TRUCKING LLC",,"SHELBY","OH","4193422942","27","29","UnsafeDriving","1","34","0","5","https://ai.fmcsa.dot.gov/SMS/Carrier/3416508/Overview.aspx"
"3435236","ASANO LOGISTICS INC",,"KENNESAW","GA","4705492977","3","3","HOS","1","34","4","13","https://ai.fmcsa.dot.gov/SMS/Carrier/3435236/Overview.aspx"
"4114160","MY&VA TRANSPORTATION LLC",,"CINCINNATI","OH","9126668697","1","1","DriverFitness","1","33","12","10","https://ai.fmcsa.dot.gov/SMS/Carrier/4114160/Overview.aspx"
"3969634","BROAD EXPRESS INC",,"LOS ANGELES","CA","9098378599","1","2","HOS","1","33","2","7","https://ai.fmcsa.dot.gov/SMS/Carrier/3969634/Overview.aspx"
"882744","COVENANT CARRIERS INC",,"OLIVE BRANCH","MS","6628936200","17","11","UnsafeDriving","1","33","0","5","https://ai.fmcsa.dot.gov/SMS/Carrier/882744/Overview.aspx"
"3003405","KARIKOV LLC","OLD SALT","BERLIN","MD","9738767387","15","15","DrugsAlcohol","1","33","1","3","https://ai.fmcsa.dot.gov/SMS/Carrier/3003405/Overview.aspx"
"4095258","ACUTECH GLOBAL SOLUTIONS LLC","ADEX DEPENDABLE LOGISTICS","COLUMBUS","OH","3476229568","6","4","HOS","1","33","17","3","https://ai.fmcsa.dot.gov/SMS/Carrier/4095258/Overview.aspx"
"3652581","SANGHA BROTHERS TRANS INC",,"PLAINFIELD","IN","4632249706","6","10","DriverFitness","1","33","8","9","https://ai.fmcsa.dot.gov/SMS/Carrier/3652581/Overview.aspx"
"2356603","GLOBAL PARCEL EXPRESS LLC",,"LAUREL","MD","3016426609","7","4","HOS","1","33","9","3","https://ai.fmcsa.dot.gov/SMS/Carrier/2356603/Overview.aspx"
"3694208","YUHAN LOGISTICS INC",,"SAN GABRIEL","CA","6268981223","1","1","HOS","1","33","6","8","https://ai.fmcsa.dot.gov/SMS/Carrier/3694208/Overview.aspx"
"3764078","BAJ TRUCKING INC",,"ONTARIO","CA","9097764500","7","5","HOS","1","33","8","4","https://ai.fmcsa.dot.gov/SMS/Carrier/3764078/Overview.aspx"
"3457299","LUAN TRANSPORT LLC",,"KENOSHA","WI","2623445674","11","10","HOS","1","33","3","8","https://ai.fmcsa.dot.gov/SMS/Carrier/3457299/Overview.aspx"
"2330812","HUGHES BROTHERS CONSTRUCTION INC",,"WILDWOOD","FL","3523996829","34","27","DriverFitness","1","33","0","1","https://ai.fmcsa.dot.gov/SMS/Carrier/2330812/Overview.aspx"
"4257479","FLORIDA TRANSPORTATION SERVICES INC",,"MIAMI","FL","7868835825","3","3","VehicleMaint","1","32","8","6","https://ai.fmcsa.dot.gov/SMS/Carrier/4257479/Overview.aspx"
"255888","TURNER VANDYKE","VAN DYKE TRANSPORTATION","ELKTON","SD","6056957837","7","7","DriverFitness","1","32","0","3","https://ai.fmcsa.dot.gov/SMS/Carrier/255888/Overview.aspx"
"2382241","1 TRADE FWDNG INC","1 TRADE LOGISTICS","FORT WORTH","TX","8173100222","15","16","HOS","1","32","7","5","https://ai.fmcsa.dot.gov/SMS/Carrier/2382241/Overview.aspx"
"3846375","DOLLY TUB 501 TRUCK LINE INC",,"MONROVIA","CA","6265593341","1","1","HOS","1","32","3","8","https://ai.fmcsa.dot.gov/SMS/Carrier/3846375/Overview.aspx"
"3808027","RANJODH CHANDI TRANS INC",,"RIVERSIDE","CA","7608968411","25","20","DrugsAlcohol","1","32","7","6","https://ai.fmcsa.dot.gov/SMS/Carrier/3808027/Overview.aspx"
"4161087","MJ TRANSPORT LLC","MJTRANSPORT","CEDAR FALLS","IA","3192401125","9","10","DrugsAlcohol","1","32","2","7","https://ai.fmcsa.dot.gov/SMS/Carrier/4161087/Overview.aspx"
"4239636","KMLM CORP",,"COLLEGE POINT","NY","3472209214","3","3","VehicleMaint","1","32","5","8","https://ai.fmcsa.dot.gov/SMS/Carrier/4239636/Overview.aspx"
"3816441","ADVANCE TRANSPORTATION INC",,"KNOXVILLE","TN","4234135128","18","13","HOS","1","31","1","5","https://ai.fmcsa.dot.gov/SMS/Carrier/3816441/Overview.aspx"
"3901385","LVL TRANSPORT LLC",,"MCALLEN","TX","9568620401","7","12","DrugsAlcohol","1","31","13","9","https://ai.fmcsa.dot.gov/SMS/Carrier/3901385/Overview.aspx"
"4250345","GST CARGO INC",,"FORT BRANCH","IN","3465438078","7","7","UnsafeDriving","1","31","6","6","https://ai.fmcsa.dot.gov/SMS/Carrier/4250345/Overview.aspx"
"1847899","COCULA TRUCKING LLC",,"HOLTVILLE","CA","9284468050","5","5","DriverFitness","1","31","3","9","https://ai.fmcsa.dot.gov/SMS/Carrier/1847899/Overview.aspx"
"1787225","CCA TRANSPORT LLC",,"GRAND PRAIRIE","TX","2146878787","11","10","HOS","1","31","2","4","https://ai.fmcsa.dot.gov/SMS/Carrier/1787225/Overview.aspx"
"4267891","BOTTOMLINE LOGISTICS LLC",,"MARCUS HOOK","PA","2679785961","1","3","DriverFitness","1","31","7","9","https://ai.fmcsa.dot.gov/SMS/Carrier/4267891/Overview.aspx"
"4143876","ALEXANDER TRUCKING CORP",,"NORTH PLAINFIELD","NJ","9296069225","7","7","DrugsAlcohol","1","31","21","11","https://ai.fmcsa.dot.gov/SMS/Carrier/4143876/Overview.aspx"
"1392820","MLA EXPRESS INC",,"KENT","WA","2538542646","32","17","DriverFitness","1","31","2","5","https://ai.fmcsa.dot.gov/SMS/Carrier/1392820/Overview.aspx"
"895115","NORTHEAST TRANSPORTATION INC",,"GREAT MEADOWS","NJ","9086374159","5","5","DriverFitness","1","31","7","11","https://ai.fmcsa.dot.gov/SMS/Carrier/895115/Overview.aspx"
"3413378","TURBO TRANSPORT LLC",,"FATE","TX","17077877374","20","20","DrugsAlcohol","1","30","4","2","https://ai.fmcsa.dot.gov/SMS/Carrier/3413378/Overview.aspx"
"3582746","EXPRESS LOGISTICS LLC",,"ODESSA","TX","8136069308","8","8","VehicleMaint","1","30","9","12","https://ai.fmcsa.dot.gov/SMS/Carrier/3582746/Overview.aspx"
"2197461","LEMCOR TRANSPORT LLC","25BRAVO26ECHO32GULF75PAPPA46MIKE","NEWARK","NJ","9736421212","8","10","DrugsAlcohol","1","30","1","15","https://ai.fmcsa.dot.gov/SMS/Carrier/2197461/Overview.aspx"
"3478327","V TRUCKS LOGISTICS LLC",,"TACOMA","WA","2068833854","6","10","DriverFitness","1","30","2","5","https://ai.fmcsa.dot.gov/SMS/Carrier/3478327/Overview.aspx"
"3848952","FASTWAY TRANSPORT LLC",,"WORCESTER","MA","8634120942","3","1","DriverFitness","1","30","10","9","https://ai.fmcsa.dot.gov/SMS/Carrier/3848952/Overview.aspx"
"1958511","NORTH CAROLINA LOGOSTICS INC",,"CHARLOTTE","NC","7048377907","13","13","DriverFitness","1","30","5","8","https://ai.fmcsa.dot.gov/SMS/Carrier/1958511/Overview.aspx"
"984256","SARPY TRANSPORTATION INC","SARPY TRANSPORTATION","BILLINGS","MT","4062489127","34","16","DriverFitness","1","30","0","5","https://ai.fmcsa.dot.gov/SMS/Carrier/984256/Overview.aspx"
"3597545","BRIGHT EYE MOVERS AND CLEANERS LLC",,"CAMP HILL","PA","7177394345","3","2","HOS","1","30","19","5","https://ai.fmcsa.dot.gov/SMS/Carrier/3597545/Overview.aspx"
"1198108","V LOTT JR TRUCKING LLC",,"IDAHO FALLS","ID","2085894887","7","6","DrugsAlcohol","1","30","6","2","https://ai.fmcsa.dot.gov/SMS/Carrier/1198108/Overview.aspx"
"4353712","TOTAL TRANSIT PROS LLC",,"CROSS ROADS","TX","4693432397","8","2","HOS","1","30","6","2","https://ai.fmcsa.dot.gov/SMS/Carrier/4353712/Overview.aspx"
"3882485","TRUST FLEET INC",,"POMONA","CA","3138188527","3","3","HOS","1","29","5","5","https://ai.fmcsa.dot.gov/SMS/Carrier/3882485/Overview.aspx"
"2376031","TIGER STYLE CORPORATION","SPEED1 TRANSPORT","MIDDLETOWN","OH","5136004447","11","12","DriverFitness","1","29","8","3","https://ai.fmcsa.dot.gov/SMS/Carrier/2376031/Overview.aspx"
"2873149","T&L MILK TRANSPORT LLC",,"JUDA","WI","6085991022","22","18","HOS","1","29","1","3","https://ai.fmcsa.dot.gov/SMS/Carrier/2873149/Overview.aspx"
"3535825","KALAP FREIGHT INC","SOLUTIONS LOGISTICS","CROWN POINT","IN","2197144119","1","1","VehicleMaint","1","29","1","9","https://ai.fmcsa.dot.gov/SMS/Carrier/3535825/Overview.aspx"
"1159569","PETER LUIZZI & BROS CONTRACTING INC",,"WATERVLIET","NY","5184828954","42","36","DriverFitness","1","29","4","6","https://ai.fmcsa.dot.gov/SMS/Carrier/1159569/Overview.aspx"
"394075","LIBERTY DISTRIBUTORS INC",,"TRIADELPHIA","WV","3045470414","14","17","DriverFitness","1","29","1","0","https://ai.fmcsa.dot.gov/SMS/Carrier/394075/Overview.aspx"
"3357562","BPA HOTSHOT CORP",,"ST. CHARLES","IL","2535333600","5","2","DriverFitness","1","29","10","3","https://ai.fmcsa.dot.gov/SMS/Carrier/3357562/Overview.aspx"
"3432468","MARQUEZ EXPRESS LLC",,"LAREDO","TX","9565527810","18","9","HOS","1","29","3","2","https://ai.fmcsa.dot.gov/SMS/Carrier/3432468/Overview.aspx"
"4245502","AKTAU7292 LLC",,"CHARLOTTE","NC","4708580736","30","30","DriverFitness","1","29","13","12","https://ai.fmcsa.dot.gov/SMS/Carrier/4245502/Overview.aspx"
"1991814","DELTA DEDICATED LLC","DEDICATED","DALTON","GA","7065299412","27","21","HOS","1","29","2","8","https://ai.fmcsa.dot.gov/SMS/Carrier/1991814/Overview.aspx"
"4098144","BLESS AMERICA LOGISTICS LLC",,"COLUMBUS","OH","6145929674","3","4","HOS","1","29","8","2","https://ai.fmcsa.dot.gov/SMS/Carrier/4098144/Overview.aspx"
"3171722","GEDI TRANSPORTATION LLC",,"MECHANICSBURG","PA","7178020196","2","2","HOS","1","29","2","8","https://ai.fmcsa.dot.gov/SMS/Carrier/3171722/Overview.aspx"
"1026526","JLG TRUCKING LLC",,"MISSION","TX","9562390695","4","4","DrugsAlcohol","1","28","12","8","https://ai.fmcsa.dot.gov/SMS/Carrier/1026526/Overview.aspx"
"3935916","N&J BROS BREAD DISTRIBUTIONS INC",,"PORT SAINT LUCIE","FL","5128610545","15","15","UnsafeDriving","1","28","2","1","https://ai.fmcsa.dot.gov/SMS/Carrier/3935916/Overview.aspx"
"2896823","SAS LOGISTICS LLC",,"GARFIELD","NJ","9735726321","7","4","HOS","1","28","4","7","https://ai.fmcsa.dot.gov/SMS/Carrier/2896823/Overview.aspx"
"4243992","PLANET EXPRESS LOGISTICS LLC",,"STERLING","VA","5714266234","3","5","HOS","1","28","11","7","https://ai.fmcsa.dot.gov/SMS/Carrier/4243992/Overview.aspx"
"1798782","BROTHERS EXPRESS LLC",,"SILVERTON","OR","5037081705","3","3","VehicleMaint","1","28","0","5","https://ai.fmcsa.dot.gov/SMS/Carrier/1798782/Overview.aspx"
"1937931","JIMMY WATTERSON TRUCKING LLC",,"ELLENSBURG","WA","5098592166","14","13","DriverFitness","1","28","1","10","https://ai.fmcsa.dot.gov/SMS/Carrier/1937931/Overview.aspx"
"3634308","RAINE TRANSPORT LLC",,"MOLINE","IL","3095029206","8","7","DriverFitness","1","28","4","0","https://ai.fmcsa.dot.gov/SMS/Carrier/3634308/Overview.aspx"
"2493307","SAM E TRANSPORTS LLC",,"MIDLAND","TX","4322096844","17","12","DriverFitness","1","28","2","10","https://ai.fmcsa.dot.gov/SMS/Carrier/2493307/Overview.aspx"
"1462926","T D P TRANSPORTATION LLC",,"CONCORD","NC","9296476694","5","3","HOS","1","28","8","2","https://ai.fmcsa.dot.gov/SMS/Carrier/1462926/Overview.aspx"
"3275168","GLIDE EXPRESS LLC",,"DALLAS","TX","7073151066","4","3","HOS","1","28","3","11","https://ai.fmcsa.dot.gov/SMS/Carrier/3275168/Overview.aspx"
"3572626","MARYLAND PROFESSIONAL TREE SERVICES LLC",,"GLEN BURNIE","MD","4436789457","7","8","DriverFitness","1","28","15","16","https://ai.fmcsa.dot.gov/SMS/Carrier/3572626/Overview.aspx"
"2889184","JD FARMS AND TRUCKING LLC",,"NEW HOLSTEIN","WI","9203741623","12","10","DriverFitness","1","27","3","7","https://ai.fmcsa.dot.gov/SMS/Carrier/2889184/Overview.aspx"
"4238329","DIWAN TRANSPORT LLC",,"HILLIARD","OH","3802509738","2","4","DriverFitness","1","27","12","7","https://ai.fmcsa.dot.gov/SMS/Carrier/4238329/Overview.aspx"
"3716356","HORMAR LOGISTICS LLC",,"FARIBAULT","MN","6122763478","10","11","DrugsAlcohol","1","27","1","6","https://ai.fmcsa.dot.gov/SMS/Carrier/3716356/Overview.aspx"
"3203799","GRAND TRUCKING LLC",,"TACOMA","WA","2535459300","6","7","DriverFitness","1","27","2","1","https://ai.fmcsa.dot.gov/SMS/Carrier/3203799/Overview.aspx"
"4128276","JAJ TRUCK LINE INC",,"SEATAC","WA","5304559307","2","3","HOS","1","27","2","4","https://ai.fmcsa.dot.gov/SMS/Carrier/4128276/Overview.aspx"
"2953176","JOHNSTON RV TRANSPORT LLC",,"DOVER","NC","2525261456","5","5","HOS","1","27","19","8","https://ai.fmcsa.dot.gov/SMS/Carrier/2953176/Overview.aspx"
"3260924","ATF EXPRESS LLC",,"BURLEY","ID","2086505555","4","4","DrugsAlcohol","1","27","7","5","https://ai.fmcsa.dot.gov/SMS/Carrier/3260924/Overview.aspx"
"3097090","VERSA ENTERPRISES LLC",,"ODESSA","TX","4327012268","14","11","DriverFitness","1","27","4","11","https://ai.fmcsa.dot.gov/SMS/Carrier/3097090/Overview.aspx"
"770911","RHEINLAND TRANSPORTATION LTD",,"SASKATOON","SK","3062494446","16","19","DrugsAlcohol","1","27","1","0","https://ai.fmcsa.dot.gov/SMS/Carrier/770911/Overview.aspx"
"4146210","RULY TRANSPORT LLC",,"MIAMI","FL","7862020352","5","2","VehicleMaint","1","27","7","7","https://ai.fmcsa.dot.gov/SMS/Carrier/4146210/Overview.aspx"
"4041630","FIDEL MARTINEZ RODRIGUEZ","MARTINEZ FROZEN EXPRESS","PERRIS","CA","2057204724","5","3","DrugsAlcohol","1","27","8","6","https://ai.fmcsa.dot.gov/SMS/Carrier/4041630/Overview.aspx"
"3643412","RAYMOND EXPRESS LLC",,"HIALEAH","FL","5022918992","2","2","DriverFitness","1","27","10","2","https://ai.fmcsa.dot.gov/SMS/Carrier/3643412/Overview.aspx"
"3606001","LOAD STAR TEXAS TRANSPORT LLC",,"RHOME","TX","2149910617","2","3","HOS","1","27","11","11","https://ai.fmcsa.dot.gov/SMS/Carrier/3606001/Overview.aspx"
"3401676","LMA TRANSPORT LLC",,"WHITTIER","CA","5623184176","3","3","DrugsAlcohol","1","26","9","5","https://ai.fmcsa.dot.gov/SMS/Carrier/3401676/Overview.aspx"
"3255617","BRITTEN TRUCKING LLC",,"PURCELL","OK","8062487007","35","10","DriverFitness","1","26","4","7","https://ai.fmcsa.dot.gov/SMS/Carrier/3255617/Overview.aspx"
"3572229","CD FUELS LLC","UNITED SOUTHWEST FUELS","FORT WORTH","TX","8006838793","23","14","DriverFitness","1","26","3","8","https://ai.fmcsa.dot.gov/SMS/Carrier/3572229/Overview.aspx"
"3738142","MARKLINE TRANSPORT LTD",,"SASKATOON","SK","6393840991","2","9","DriverFitness","1","26","1","5","https://ai.fmcsa.dot.gov/SMS/Carrier/3738142/Overview.aspx"
"4202687","VELOCITY CARGO INC",,"NEWVILLE","PA","7174037303","6","5","HOS","1","26","9","6","https://ai.fmcsa.dot.gov/SMS/Carrier/4202687/Overview.aspx"
"3152860","BUZYBEE TRANSPORTATION LLC",,"COLUMBUS","OH","6142261992","5","5","DriverFitness","1","26","7","7","https://ai.fmcsa.dot.gov/SMS/Carrier/3152860/Overview.aspx"
"4216586","NAJ TRANSPORT LLC",,"KENT","WA","2066364216","3","4","DriverFitness","1","26","2","1","https://ai.fmcsa.dot.gov/SMS/Carrier/4216586/Overview.aspx"
"3506091","R & A LEGACY LLC",,"COLTON","CA","9096996146","2","3","UnsafeDriving","1","26","9","8","https://ai.fmcsa.dot.gov/SMS/Carrier/3506091/Overview.aspx"
"2818934","FERRANDINO ENTERPRISES LLC",,"RIDGEFIELD","CT","2034384663","7","8","DrugsAlcohol","1","26","5","7","https://ai.fmcsa.dot.gov/SMS/Carrier/2818934/Overview.aspx"
"1647043","HJ EXPRESS LLC",,"YUMA","AZ","9288172647","5","4","HOS","1","26","5","7","https://ai.fmcsa.dot.gov/SMS/Carrier/1647043/Overview.aspx"
"4004216","RAPID TRANSPORT KINGS LLC",,"CORINTH","TX","2145668260","6","4","DrugsAlcohol","1","26","15","11","https://ai.fmcsa.dot.gov/SMS/Carrier/4004216/Overview.aspx"
"3803328","BREWER TRUCKING LLC",,"GLEN CARBON","IL","6189774847","8","5","VehicleMaint","1","26","2","4","https://ai.fmcsa.dot.gov/SMS/Carrier/3803328/Overview.aspx"
"2505101","THEODORE JOHNSON","ELITE COMMODITY EXPRESS","SURPRISE","NE","4023660343","18","9","HOS","1","26","2","1","https://ai.fmcsa.dot.gov/SMS/Carrier/2505101/Overview.aspx"
"1325467","SELLERS FOREST PRODUCTS INC",,"SEMMES","AL","2513454466","8","8","DrugsAlcohol","1","26","0","6","https://ai.fmcsa.dot.gov/SMS/Carrier/1325467/Overview.aspx"
"3035717","JC EXPEDITE LLC",,"TEXAS CITY","TX","9568014223","6","6","HOS","1","26","1","6","https://ai.fmcsa.dot.gov/SMS/Carrier/3035717/Overview.aspx"
"3989790","IAN TRUCK LLC",,"KATY","TX","3054406930","1","1","HOS","1","26","1","7","https://ai.fmcsa.dot.gov/SMS/Carrier/3989790/Overview.aspx"
"3626316","MONARCH DESERT LOGISTICS INC","MONARCH DESERT LOGISTICS","AVONDALE","AZ","6025292616","11","11","DriverFitness","1","26","11","2","https://ai.fmcsa.dot.gov/SMS/Carrier/3626316/Overview.aspx"
"2830662","H MORENOS LOGISTICS LLC",,"MANTECA","CA","2096390891","3","4","VehicleMaint","1","25","7","2","https://ai.fmcsa.dot.gov/SMS/Carrier/2830662/Overview.aspx"
"2786060","NICHOLS TRANSPORT LLC",,"QUEEN CREEK","AZ","4802717709","12","18","HOS","1","25","3","10","https://ai.fmcsa.dot.gov/SMS/Carrier/2786060/Overview.aspx"
"4036587","C AND N LOGISTICS LLC",,"MIAMI","OK","9189613056","10","17","HOS","1","25","3","5","https://ai.fmcsa.dot.gov/SMS/Carrier/4036587/Overview.aspx"
"516826","TRI-STATE FOLIAGE",,"CINCINNATI","OH","5138251885","13","10","DrugsAlcohol","1","25","0","1","https://ai.fmcsa.dot.gov/SMS/Carrier/516826/Overview.aspx"
"4276316","DDY LOGISTICS INC",,"MIAMI","FL","7864580801","5","4","UnsafeDriving","1","25","6","4","https://ai.fmcsa.dot.gov/SMS/Carrier/4276316/Overview.aspx"
"3294378","WTB TRANSPORT LLC",,"WESTLAKE","OH","2167627021","9","9","DriverFitness","1","25","2","3","https://ai.fmcsa.dot.gov/SMS/Carrier/3294378/Overview.aspx"
"2459475","SMART TRUCKING LINES INC","SMARTY","CROWS LANDING","CA","2095856911","6","11","DriverFitness","1","25","3","7","https://ai.fmcsa.dot.gov/SMS/Carrier/2459475/Overview.aspx"
"4277857","DAISARAN TRANSPORTATION LLC",,"SAN ANTONIO","TX","2105522070","10","8","HOS","1","25","7","8","https://ai.fmcsa.dot.gov/SMS/Carrier/4277857/Overview.aspx"
"3252410","HIYAB LLC",,"DALLAS","TX","7072284773","2","2","HOS","1","25","7","4","https://ai.fmcsa.dot.gov/SMS/Carrier/3252410/Overview.aspx"
"4266888","JET SPEED TRANS INC",,"FONTANA","CA","9094099815","6","6","DrugsAlcohol","1","25","3","2","https://ai.fmcsa.dot.gov/SMS/Carrier/4266888/Overview.aspx"
"2865005","L A & SONS FARM LLC",,"ALLIANCE","NE","4027094845","8","8","DriverFitness","1","25","4","4","https://ai.fmcsa.dot.gov/SMS/Carrier/2865005/Overview.aspx"
"1411363","J & L TRUCKING INC",,"PINEY FLATS","TN","4239463748","6","5","HOS","1","25","2","4","https://ai.fmcsa.dot.gov/SMS/Carrier/1411363/Overview.aspx"
"2396953","SILVER STATE SYSTEMS CORPORATION",,"RENO","NV","7753939231","5","10","HOS","1","25","3","1","https://ai.fmcsa.dot.gov/SMS/Carrier/2396953/Overview.aspx"
"4284218","HYPER DRIVE TRANSPORTATION",,"BLUE RIDGE","VA","5408168514","5","4","DriverFitness","1","25","10","5","https://ai.fmcsa.dot.gov/SMS/Carrier/4284218/Overview.aspx"
"2721592","FANTASMA COMPANY TRUCKING",,"SEAGOVILLE","TX","6614749941","4","4","HOS","1","25","7","16","https://ai.fmcsa.dot.gov/SMS/Carrier/2721592/Overview.aspx"
"2942678","EASTON FREIGHT CORPORATION",,"EASTON","PA","6104382946","14","7","DriverFitness","1","25","5","4","https://ai.fmcsa.dot.gov/SMS/Carrier/2942678/Overview.aspx"
"4080242","3 BROTHERS TREE SERVICES LLC",,"NEW CASTLE","DE","3024421071","12","9","DriverFitness","1","25","14","13","https://ai.fmcsa.dot.gov/SMS/Carrier/4080242/Overview.aspx"
"4135936","PHOENIX VAN LINES LLC",,"PALMDALE","CA","8186931602","8","7","DrugsAlcohol","1","25","6","2","https://ai.fmcsa.dot.gov/SMS/Carrier/4135936/Overview.aspx"
"3642301","TRUSTED EXPRESS SERVICES LLC",,"HARRISBURG","PA","7175798474","2","2","DriverFitness","1","24","8","4","https://ai.fmcsa.dot.gov/SMS/Carrier/3642301/Overview.aspx"
"3215721","SB TRANS LLC",,"MAINEVILLE","OH","4074772545","4","8","DriverFitness","1","24","2","4","https://ai.fmcsa.dot.gov/SMS/Carrier/3215721/Overview.aspx"
"3028011","LION 5 STAR TRUCKING LLC",,"RICHMOND","TX","7135052254","11","11","HOS","1","24","9","6","https://ai.fmcsa.dot.gov/SMS/Carrier/3028011/Overview.aspx"
"3463882","LUGOS EXPRESS SERVICES LLC",,"FLORIDA CITY","FL","7862729791","4","4","HOS","1","24","8","3","https://ai.fmcsa.dot.gov/SMS/Carrier/3463882/Overview.aspx"
"4012854","ECO CARGO INC",,"COLUMBUS","OH","6145153386","1","1","HOS","1","24","5","3","https://ai.fmcsa.dot.gov/SMS/Carrier/4012854/Overview.aspx"
"2169016","BRIGHTON EXPRESS LLC",,"HOWELL","MI","5175188415","9","8","DrugsAlcohol","1","24","0","4","https://ai.fmcsa.dot.gov/SMS/Carrier/2169016/Overview.aspx"
"3697372","AIBLA TRANS INC",,"ONTARIO","CA","8126049576","4","7","DriverFitness","1","24","4","5","https://ai.fmcsa.dot.gov/SMS/Carrier/3697372/Overview.aspx"
"4200029","SKY ON WHEELS TRANSPORT LLC",,"DENVER","CO","3039998402","4","3","HOS","1","24","13","4","https://ai.fmcsa.dot.gov/SMS/Carrier/4200029/Overview.aspx"
